-- =========================================================
-- 10_seed_base.sql
-- 역할:
--   - 기준 데이터 시딩
-- 포함 범위:
--   - USERS
--   - STORES
--   - MATERIALS
--   - STORE_INVENTORIES
-- 작성 원칙:
--   - 시연용 고정 ID 사용
--   - 안전재고 미만/품절/정상 재고 케이스 포함
-- =========================================================

INSERT INTO USERS (USER_NO, USER_ID, PASSWORD, USER_NAME, PHONE, EMAIL, ROLE, STATUS, CREATED_AT) VALUES
    (1, 'admin', '$2a$10$A/GEtn8aVhdFaHXV1wTeeefiNg7Y5j08J6Ry1g59lGlAekUOXoBFq', '관리자', '010-0000-0000', 'admin@burgerstack.com', 'ADMIN', 'ACTIVE', SYSDATE - 30);
INSERT INTO USERS (USER_NO, USER_ID, PASSWORD, USER_NAME, PHONE, EMAIL, ROLE, STATUS, CREATED_AT) VALUES
    (2, 'owner01', '$2a$10$lDCgUXLq5qKbDY0NIs/JvuwH6flkRDSL0Hjwjw0Jo/lfDWd0FBSOO', '홍길동', '010-8635-3654', 'gd.hong@burgerstack.com', 'OWNER', 'ACTIVE', SYSDATE - 29);
INSERT INTO USERS (USER_NO, USER_ID, PASSWORD, USER_NAME, PHONE, EMAIL, ROLE, STATUS, CREATED_AT) VALUES
    (3, 'owner02', '$2a$10$lDCgUXLq5qKbDY0NIs/JvuwH6flkRDSL0Hjwjw0Jo/lfDWd0FBSOO', '박길동', '010-4659-5678', 'gdpack@burgerstack.com', 'OWNER', 'ACTIVE', SYSDATE - 28);
INSERT INTO USERS (USER_NO, USER_ID, PASSWORD, USER_NAME, PHONE, EMAIL, ROLE, STATUS, CREATED_AT) VALUES
    (4, 'owner03', '$2a$10$lDCgUXLq5qKbDY0NIs/JvuwH6flkRDSL0Hjwjw0Jo/lfDWd0FBSOO', '송길동', '010-3580-3965', 'song_gd@burgerstack.com', 'OWNER', 'ACTIVE', SYSDATE - 27);

INSERT INTO STORES (STORE_ID, STORE_NAME, PHONE, ADDRESS, STATUS, OWNER_USER_NO, CREATED_AT) VALUES
    (1, '버거스택 강남점', '010-9620-8465', '서울특별시 강남구', 'OPEN', 2, SYSDATE - 27);
INSERT INTO STORES (STORE_ID, STORE_NAME, PHONE, ADDRESS, STATUS, OWNER_USER_NO, CREATED_AT) VALUES
    (2, '버거스택 동대문점', '010-7635-2854', '서울특별시 동대문구', 'OPEN', 3, SYSDATE - 26);
INSERT INTO STORES (STORE_ID, STORE_NAME, PHONE, ADDRESS, STATUS, OWNER_USER_NO, CREATED_AT) VALUES
    (3, '버거스택 종로점', '010-2367-6457', '서울특별시 종로구', 'OPEN', 4, SYSDATE - 25);

INSERT INTO MATERIALS (MATERIAL_ID, MATERIAL_NAME, MATERIAL_TYPE, SUPPLY_PRICE, DETAILS, STATUS, CREATED_AT) VALUES
    (1, '참깨번', 'AF', 1200, '버거 번', 'ACTIVE', SYSDATE - 25);
INSERT INTO MATERIALS (MATERIAL_ID, MATERIAL_NAME, MATERIAL_TYPE, SUPPLY_PRICE, DETAILS, STATUS, CREATED_AT) VALUES
    (2, '비프패티', 'FF', 3500, '냉동 비프패티', 'ACTIVE', SYSDATE - 25);
INSERT INTO MATERIALS (MATERIAL_ID, MATERIAL_NAME, MATERIAL_TYPE, SUPPLY_PRICE, DETAILS, STATUS, CREATED_AT) VALUES
    (3, '체다치즈', 'RF', 1800, '슬라이스 치즈', 'ACTIVE', SYSDATE - 25);
INSERT INTO MATERIALS (MATERIAL_ID, MATERIAL_NAME, MATERIAL_TYPE, SUPPLY_PRICE, DETAILS, STATUS, CREATED_AT) VALUES
    (4, '양상추', 'RF', 1600, '세척 양상추', 'ACTIVE', SYSDATE - 25);
INSERT INTO MATERIALS (MATERIAL_ID, MATERIAL_NAME, MATERIAL_TYPE, SUPPLY_PRICE, DETAILS, STATUS, CREATED_AT) VALUES
    (5, '토마토', 'RF', 900, '슬라이스 토마토', 'ACTIVE', SYSDATE - 25);
INSERT INTO MATERIALS (MATERIAL_ID, MATERIAL_NAME, MATERIAL_TYPE, SUPPLY_PRICE, DETAILS, STATUS, CREATED_AT) VALUES
    (6, '양파', 'RF', 700, '슬라이스 양파', 'ACTIVE', SYSDATE - 25);
INSERT INTO MATERIALS (MATERIAL_ID, MATERIAL_NAME, MATERIAL_TYPE, SUPPLY_PRICE, DETAILS, STATUS, CREATED_AT) VALUES
    (7, '피클', 'RF', 500, '피클 슬라이스', 'ACTIVE', SYSDATE - 25);
INSERT INTO MATERIALS (MATERIAL_ID, MATERIAL_NAME, MATERIAL_TYPE, SUPPLY_PRICE, DETAILS, STATUS, CREATED_AT) VALUES
    (8, '베이컨', 'FF', 3800, '베이컨 스트립', 'ACTIVE', SYSDATE - 25);
INSERT INTO MATERIALS (MATERIAL_ID, MATERIAL_NAME, MATERIAL_TYPE, SUPPLY_PRICE, DETAILS, STATUS, CREATED_AT) VALUES
    (9, '계란', 'RF', 900, '신선 계란', 'ACTIVE', SYSDATE - 25);
INSERT INTO MATERIALS (MATERIAL_ID, MATERIAL_NAME, MATERIAL_TYPE, SUPPLY_PRICE, DETAILS, STATUS, CREATED_AT) VALUES
    (10, '마요네즈', 'AF', 3100, '대용량 마요네즈', 'ACTIVE', SYSDATE - 25);
INSERT INTO MATERIALS (MATERIAL_ID, MATERIAL_NAME, MATERIAL_TYPE, SUPPLY_PRICE, DETAILS, STATUS, CREATED_AT) VALUES
    (11, '감자튀김', 'FF', 1600, '냉동 감자튀김', 'ACTIVE', SYSDATE - 25);
INSERT INTO MATERIALS (MATERIAL_ID, MATERIAL_NAME, MATERIAL_TYPE, SUPPLY_PRICE, DETAILS, STATUS, CREATED_AT) VALUES
    (12, '케첩', 'AF', 2500, '대용량 케첩', 'ACTIVE', SYSDATE - 25);
INSERT INTO MATERIALS (MATERIAL_ID, MATERIAL_NAME, MATERIAL_TYPE, SUPPLY_PRICE, DETAILS, STATUS, CREATED_AT) VALUES
    (13, '콜라시럽', 'AF', 4000, '음료 머신용 시럽', 'ACTIVE', SYSDATE - 25);
INSERT INTO MATERIALS (MATERIAL_ID, MATERIAL_NAME, MATERIAL_TYPE, SUPPLY_PRICE, DETAILS, STATUS, CREATED_AT) VALUES
    (14, '포장지', 'PK', 1200, '버거 포장지', 'ACTIVE', SYSDATE - 25);

INSERT INTO STORE_INVENTORIES (STORE_INVENTORY_ID, CURRENT_QUANTITY, SAFETY_QUANTITY, STORE_ID, MATERIAL_ID, CREATED_AT) VALUES (1, 120, 30, 1, 1, SYSDATE - 24);
INSERT INTO STORE_INVENTORIES (STORE_INVENTORY_ID, CURRENT_QUANTITY, SAFETY_QUANTITY, STORE_ID, MATERIAL_ID, CREATED_AT) VALUES (2, 8, 30, 1, 2, SYSDATE - 24);
INSERT INTO STORE_INVENTORIES (STORE_INVENTORY_ID, CURRENT_QUANTITY, SAFETY_QUANTITY, STORE_ID, MATERIAL_ID, CREATED_AT) VALUES (3, 100, 25, 1, 3, SYSDATE - 24);
INSERT INTO STORE_INVENTORIES (STORE_INVENTORY_ID, CURRENT_QUANTITY, SAFETY_QUANTITY, STORE_ID, MATERIAL_ID, CREATED_AT) VALUES (4, 60, 20, 1, 4, SYSDATE - 24);
INSERT INTO STORE_INVENTORIES (STORE_INVENTORY_ID, CURRENT_QUANTITY, SAFETY_QUANTITY, STORE_ID, MATERIAL_ID, CREATED_AT) VALUES (5, 12, 20, 1, 5, SYSDATE - 24);
INSERT INTO STORE_INVENTORIES (STORE_INVENTORY_ID, CURRENT_QUANTITY, SAFETY_QUANTITY, STORE_ID, MATERIAL_ID, CREATED_AT) VALUES (6, 70, 20, 1, 6, SYSDATE - 24);
INSERT INTO STORE_INVENTORIES (STORE_INVENTORY_ID, CURRENT_QUANTITY, SAFETY_QUANTITY, STORE_ID, MATERIAL_ID, CREATED_AT) VALUES (7, 90, 25, 1, 7, SYSDATE - 24);
INSERT INTO STORE_INVENTORIES (STORE_INVENTORY_ID, CURRENT_QUANTITY, SAFETY_QUANTITY, STORE_ID, MATERIAL_ID, CREATED_AT) VALUES (8, 0, 15, 1, 8, SYSDATE - 24);
INSERT INTO STORE_INVENTORIES (STORE_INVENTORY_ID, CURRENT_QUANTITY, SAFETY_QUANTITY, STORE_ID, MATERIAL_ID, CREATED_AT) VALUES (9, 50, 15, 1, 9, SYSDATE - 24);
INSERT INTO STORE_INVENTORIES (STORE_INVENTORY_ID, CURRENT_QUANTITY, SAFETY_QUANTITY, STORE_ID, MATERIAL_ID, CREATED_AT) VALUES (10, 110, 30, 1, 10, SYSDATE - 24);
INSERT INTO STORE_INVENTORIES (STORE_INVENTORY_ID, CURRENT_QUANTITY, SAFETY_QUANTITY, STORE_ID, MATERIAL_ID, CREATED_AT) VALUES (11, 20, 20, 1, 11, SYSDATE - 24);
INSERT INTO STORE_INVENTORIES (STORE_INVENTORY_ID, CURRENT_QUANTITY, SAFETY_QUANTITY, STORE_ID, MATERIAL_ID, CREATED_AT) VALUES (12, 18, 20, 1, 12, SYSDATE - 24);
INSERT INTO STORE_INVENTORIES (STORE_INVENTORY_ID, CURRENT_QUANTITY, SAFETY_QUANTITY, STORE_ID, MATERIAL_ID, CREATED_AT) VALUES (13, 25, 10, 1, 13, SYSDATE - 24);
INSERT INTO STORE_INVENTORIES (STORE_INVENTORY_ID, CURRENT_QUANTITY, SAFETY_QUANTITY, STORE_ID, MATERIAL_ID, CREATED_AT) VALUES (14, 40, 20, 1, 14, SYSDATE - 24);

INSERT INTO STORE_INVENTORIES (STORE_INVENTORY_ID, CURRENT_QUANTITY, SAFETY_QUANTITY, STORE_ID, MATERIAL_ID, CREATED_AT) VALUES (15, 95, 30, 2, 1, SYSDATE - 24);
INSERT INTO STORE_INVENTORIES (STORE_INVENTORY_ID, CURRENT_QUANTITY, SAFETY_QUANTITY, STORE_ID, MATERIAL_ID, CREATED_AT) VALUES (16, 45, 20, 2, 2, SYSDATE - 24);
INSERT INTO STORE_INVENTORIES (STORE_INVENTORY_ID, CURRENT_QUANTITY, SAFETY_QUANTITY, STORE_ID, MATERIAL_ID, CREATED_AT) VALUES (17, 70, 25, 2, 3, SYSDATE - 24);
INSERT INTO STORE_INVENTORIES (STORE_INVENTORY_ID, CURRENT_QUANTITY, SAFETY_QUANTITY, STORE_ID, MATERIAL_ID, CREATED_AT) VALUES (18, 5, 20, 2, 4, SYSDATE - 24);
INSERT INTO STORE_INVENTORIES (STORE_INVENTORY_ID, CURRENT_QUANTITY, SAFETY_QUANTITY, STORE_ID, MATERIAL_ID, CREATED_AT) VALUES (19, 30, 20, 2, 5, SYSDATE - 24);
INSERT INTO STORE_INVENTORIES (STORE_INVENTORY_ID, CURRENT_QUANTITY, SAFETY_QUANTITY, STORE_ID, MATERIAL_ID, CREATED_AT) VALUES (20, 42, 20, 2, 6, SYSDATE - 24);
INSERT INTO STORE_INVENTORIES (STORE_INVENTORY_ID, CURRENT_QUANTITY, SAFETY_QUANTITY, STORE_ID, MATERIAL_ID, CREATED_AT) VALUES (21, 65, 25, 2, 7, SYSDATE - 24);
INSERT INTO STORE_INVENTORIES (STORE_INVENTORY_ID, CURRENT_QUANTITY, SAFETY_QUANTITY, STORE_ID, MATERIAL_ID, CREATED_AT) VALUES (22, 18, 15, 2, 8, SYSDATE - 24);
INSERT INTO STORE_INVENTORIES (STORE_INVENTORY_ID, CURRENT_QUANTITY, SAFETY_QUANTITY, STORE_ID, MATERIAL_ID, CREATED_AT) VALUES (23, 22, 15, 2, 9, SYSDATE - 24);
INSERT INTO STORE_INVENTORIES (STORE_INVENTORY_ID, CURRENT_QUANTITY, SAFETY_QUANTITY, STORE_ID, MATERIAL_ID, CREATED_AT) VALUES (24, 75, 30, 2, 10, SYSDATE - 24);
INSERT INTO STORE_INVENTORIES (STORE_INVENTORY_ID, CURRENT_QUANTITY, SAFETY_QUANTITY, STORE_ID, MATERIAL_ID, CREATED_AT) VALUES (25, 28, 20, 2, 11, SYSDATE - 24);
INSERT INTO STORE_INVENTORIES (STORE_INVENTORY_ID, CURRENT_QUANTITY, SAFETY_QUANTITY, STORE_ID, MATERIAL_ID, CREATED_AT) VALUES (26, 24, 20, 2, 12, SYSDATE - 24);
INSERT INTO STORE_INVENTORIES (STORE_INVENTORY_ID, CURRENT_QUANTITY, SAFETY_QUANTITY, STORE_ID, MATERIAL_ID, CREATED_AT) VALUES (27, 9, 10, 2, 13, SYSDATE - 24);
INSERT INTO STORE_INVENTORIES (STORE_INVENTORY_ID, CURRENT_QUANTITY, SAFETY_QUANTITY, STORE_ID, MATERIAL_ID, CREATED_AT) VALUES (28, 40, 20, 2, 14, SYSDATE - 24);

INSERT INTO STORE_INVENTORIES (STORE_INVENTORY_ID, CURRENT_QUANTITY, SAFETY_QUANTITY, STORE_ID, MATERIAL_ID, CREATED_AT) VALUES (29, 150, 30, 3, 1, SYSDATE - 24);
INSERT INTO STORE_INVENTORIES (STORE_INVENTORY_ID, CURRENT_QUANTITY, SAFETY_QUANTITY, STORE_ID, MATERIAL_ID, CREATED_AT) VALUES (30, 110, 20, 3, 2, SYSDATE - 24);
INSERT INTO STORE_INVENTORIES (STORE_INVENTORY_ID, CURRENT_QUANTITY, SAFETY_QUANTITY, STORE_ID, MATERIAL_ID, CREATED_AT) VALUES (31, 130, 25, 3, 3, SYSDATE - 24);
INSERT INTO STORE_INVENTORIES (STORE_INVENTORY_ID, CURRENT_QUANTITY, SAFETY_QUANTITY, STORE_ID, MATERIAL_ID, CREATED_AT) VALUES (32, 85, 20, 3, 4, SYSDATE - 24);
INSERT INTO STORE_INVENTORIES (STORE_INVENTORY_ID, CURRENT_QUANTITY, SAFETY_QUANTITY, STORE_ID, MATERIAL_ID, CREATED_AT) VALUES (33, 78, 20, 3, 5, SYSDATE - 24);
INSERT INTO STORE_INVENTORIES (STORE_INVENTORY_ID, CURRENT_QUANTITY, SAFETY_QUANTITY, STORE_ID, MATERIAL_ID, CREATED_AT) VALUES (34, 95, 20, 3, 6, SYSDATE - 24);
INSERT INTO STORE_INVENTORIES (STORE_INVENTORY_ID, CURRENT_QUANTITY, SAFETY_QUANTITY, STORE_ID, MATERIAL_ID, CREATED_AT) VALUES (35, 105, 25, 3, 7, SYSDATE - 24);
INSERT INTO STORE_INVENTORIES (STORE_INVENTORY_ID, CURRENT_QUANTITY, SAFETY_QUANTITY, STORE_ID, MATERIAL_ID, CREATED_AT) VALUES (36, 70, 15, 3, 8, SYSDATE - 24);
INSERT INTO STORE_INVENTORIES (STORE_INVENTORY_ID, CURRENT_QUANTITY, SAFETY_QUANTITY, STORE_ID, MATERIAL_ID, CREATED_AT) VALUES (37, 65, 15, 3, 9, SYSDATE - 24);
INSERT INTO STORE_INVENTORIES (STORE_INVENTORY_ID, CURRENT_QUANTITY, SAFETY_QUANTITY, STORE_ID, MATERIAL_ID, CREATED_AT) VALUES (38, 140, 30, 3, 10, SYSDATE - 24);
INSERT INTO STORE_INVENTORIES (STORE_INVENTORY_ID, CURRENT_QUANTITY, SAFETY_QUANTITY, STORE_ID, MATERIAL_ID, CREATED_AT) VALUES (39, 48, 20, 3, 11, SYSDATE - 24);
INSERT INTO STORE_INVENTORIES (STORE_INVENTORY_ID, CURRENT_QUANTITY, SAFETY_QUANTITY, STORE_ID, MATERIAL_ID, CREATED_AT) VALUES (40, 35, 20, 3, 12, SYSDATE - 24);
INSERT INTO STORE_INVENTORIES (STORE_INVENTORY_ID, CURRENT_QUANTITY, SAFETY_QUANTITY, STORE_ID, MATERIAL_ID, CREATED_AT) VALUES (41, 12, 10, 3, 13, SYSDATE - 24);
INSERT INTO STORE_INVENTORIES (STORE_INVENTORY_ID, CURRENT_QUANTITY, SAFETY_QUANTITY, STORE_ID, MATERIAL_ID, CREATED_AT) VALUES (42, 50, 20, 3, 14, SYSDATE - 24);
