-- =========================================================
-- 10_seed_base.sql
-- 역할:
--   - 기준 데이터 시딩
-- 포함 범위:
--   - USERS
--   - STORES
--   - MATERIALS
--   - STORE_INVENTORIES
-- 작성 원칙:
--   - 시연용 고정 ID 사용
--   - 이후 입고/조정 시드가 반영되기 전 기준 재고값 저장
-- =========================================================

INSERT INTO USERS (USER_NO, USER_ID, PASSWORD, USER_NAME, PHONE, EMAIL, ROLE, STATUS, CREATED_AT) VALUES
    (1, 'admin', '$2a$10$A/GEtn8aVhdFaHXV1wTeeefiNg7Y5j08J6Ry1g59lGlAekUOXoBFq', '관리자', '010-0000-0000', 'admin@burgerstack.com', 'ADMIN', 'ACTIVE', SYSDATE - 30);
INSERT INTO USERS (USER_NO, USER_ID, PASSWORD, USER_NAME, PHONE, EMAIL, ROLE, STATUS, CREATED_AT) VALUES
    (2, 'owner01', '$2a$10$lDCgUXLq5qKbDY0NIs/JvuwH6flkRDSL0Hjwjw0Jo/lfDWd0FBSOO', '홍길동', '010-8635-3654', 'gd.hong@burgerstack.com', 'OWNER', 'ACTIVE', SYSDATE - 29);
INSERT INTO USERS (USER_NO, USER_ID, PASSWORD, USER_NAME, PHONE, EMAIL, ROLE, STATUS, CREATED_AT) VALUES
    (3, 'owner02', '$2a$10$lDCgUXLq5qKbDY0NIs/JvuwH6flkRDSL0Hjwjw0Jo/lfDWd0FBSOO', '박길동', '010-4659-5678', 'gdpack@burgerstack.com', 'OWNER', 'ACTIVE', SYSDATE - 28);
INSERT INTO USERS (USER_NO, USER_ID, PASSWORD, USER_NAME, PHONE, EMAIL, ROLE, STATUS, CREATED_AT) VALUES
    (4, 'owner03', '$2a$10$lDCgUXLq5qKbDY0NIs/JvuwH6flkRDSL0Hjwjw0Jo/lfDWd0FBSOO', '송길동', '010-3580-3965', 'song_gd@burgerstack.com', 'OWNER', 'ACTIVE', SYSDATE - 27);

INSERT INTO STORES (STORE_ID, STORE_NAME, PHONE, ADDRESS, STATUS, OWNER_USER_NO, CREATED_AT) VALUES
    (1, '버거스택 강남점', '02-555-8001', '서울특별시 강남구 테헤란로 101', 'OPEN', 2, TRUNC(DATE '2026-06-17') - 27);
INSERT INTO STORES (STORE_ID, STORE_NAME, PHONE, ADDRESS, STATUS, OWNER_USER_NO, CREATED_AT) VALUES
    (2, '버거스택 동대문점', '02-555-8002', '서울특별시 동대문구 왕산로 56', 'OPEN', 3, TRUNC(DATE '2026-06-17') - 26);
INSERT INTO STORES (STORE_ID, STORE_NAME, PHONE, ADDRESS, STATUS, OWNER_USER_NO, CREATED_AT) VALUES
    (3, '버거스택 종로점', '02-555-8003', '서울특별시 종로구 종로 88', 'OPEN', 4, TRUNC(DATE '2026-06-17') - 25);

-- MATERIALS
INSERT INTO MATERIALS (MATERIAL_ID, MATERIAL_NAME, MATERIAL_TYPE, SUPPLY_PRICE, DETAILS, STATUS, CREATED_AT) VALUES (SEQ_MATERIAL.NEXTVAL, '참깨번', 'AF', 300, '중량 : 80g' || CHR(10) || '원재료명 : 밀가루, 참깨, 효모, 설탕', 'ACTIVE', SYSDATE);
INSERT INTO MATERIALS (MATERIAL_ID, MATERIAL_NAME, MATERIAL_TYPE, SUPPLY_PRICE, DETAILS, STATUS, CREATED_AT) VALUES (SEQ_MATERIAL.NEXTVAL, '비프패티', 'FF', 1200, '중량 : 100g' || CHR(10) || '원재료명 : 소고기 100%', 'ACTIVE', SYSDATE);
INSERT INTO MATERIALS (MATERIAL_ID, MATERIAL_NAME, MATERIAL_TYPE, SUPPLY_PRICE, DETAILS, STATUS, CREATED_AT) VALUES (SEQ_MATERIAL.NEXTVAL, '체다치즈', 'RF', 1800, '중량 : 20g' || CHR(10) || '원재료명 : 우유, 치즈컬쳐, 소금', 'ACTIVE', SYSDATE);
INSERT INTO MATERIALS (MATERIAL_ID, MATERIAL_NAME, MATERIAL_TYPE, SUPPLY_PRICE, DETAILS, STATUS, CREATED_AT) VALUES (SEQ_MATERIAL.NEXTVAL, '양상추', 'RF', 1200, '중량 : 50g' || CHR(10) || '원산지 : 강원도', 'ACTIVE', SYSDATE);
INSERT INTO MATERIALS (MATERIAL_ID, MATERIAL_NAME, MATERIAL_TYPE, SUPPLY_PRICE, DETAILS, STATUS, CREATED_AT) VALUES (SEQ_MATERIAL.NEXTVAL, '토마토', 'RF', 400, '중량 : 60g' || CHR(10) || '원산지 : 충청남도 청양군', 'ACTIVE', SYSDATE);
INSERT INTO MATERIALS (MATERIAL_ID, MATERIAL_NAME, MATERIAL_TYPE, SUPPLY_PRICE, DETAILS, STATUS, CREATED_AT) VALUES (SEQ_MATERIAL.NEXTVAL, '양파', 'RF', 700, '중량 : 40g' || CHR(10) || '원산지 : 제주도', 'ACTIVE', SYSDATE);
INSERT INTO MATERIALS (MATERIAL_ID, MATERIAL_NAME, MATERIAL_TYPE, SUPPLY_PRICE, DETAILS, STATUS, CREATED_AT) VALUES (SEQ_MATERIAL.NEXTVAL, '피클', 'RF', 3000, '중량 : 300g' || CHR(10) || '원재료명 : 오이, 식초, 설탕, 정제수', 'ACTIVE', SYSDATE);
INSERT INTO MATERIALS (MATERIAL_ID, MATERIAL_NAME, MATERIAL_TYPE, SUPPLY_PRICE, DETAILS, STATUS, CREATED_AT) VALUES (SEQ_MATERIAL.NEXTVAL, '베이컨', 'FF', 3800, '중량 : 150g' || CHR(10) || '원재료명 : 돼지고기, 소금, 아질산나트륨', 'ACTIVE', SYSDATE);
INSERT INTO MATERIALS (MATERIAL_ID, MATERIAL_NAME, MATERIAL_TYPE, SUPPLY_PRICE, DETAILS, STATUS, CREATED_AT) VALUES (SEQ_MATERIAL.NEXTVAL, '계란', 'RF', 200, '중량 : 30g' || CHR(10) || '원산지 : 원천군', 'ACTIVE', SYSDATE);
INSERT INTO MATERIALS (MATERIAL_ID, MATERIAL_NAME, MATERIAL_TYPE, SUPPLY_PRICE, DETAILS, STATUS, CREATED_AT) VALUES (SEQ_MATERIAL.NEXTVAL, '마요네즈', 'AF', 2000, '중량 : 500g' || CHR(10) || '원재료명 : 식물성유지, 난황, 식초, 설탕', 'ACTIVE', SYSDATE);
INSERT INTO MATERIALS (MATERIAL_ID, MATERIAL_NAME, MATERIAL_TYPE, SUPPLY_PRICE, DETAILS, STATUS, CREATED_AT) VALUES (SEQ_MATERIAL.NEXTVAL, '감자튀김', 'FF', 7500, '중량 : 1kg' || CHR(10) || '원재료명 : 감자, 팜유, 식염', 'ACTIVE', SYSDATE);
INSERT INTO MATERIALS (MATERIAL_ID, MATERIAL_NAME, MATERIAL_TYPE, SUPPLY_PRICE, DETAILS, STATUS, CREATED_AT) VALUES (SEQ_MATERIAL.NEXTVAL, '케첩', 'AF', 1500, '중량 : 500g' || CHR(10) || '원재료명 : 토마토페이스트, 당류, 식초', 'ACTIVE', SYSDATE);
INSERT INTO MATERIALS (MATERIAL_ID, MATERIAL_NAME, MATERIAL_TYPE, SUPPLY_PRICE, DETAILS, STATUS, CREATED_AT) VALUES (SEQ_MATERIAL.NEXTVAL, '콜라시럽', 'AF', 4000, '중량 : 2,000g' || CHR(10) || '원재료명 : 정제수, 액상과당, 카라멜색소', 'ACTIVE', SYSDATE);
INSERT INTO MATERIALS (MATERIAL_ID, MATERIAL_NAME, MATERIAL_TYPE, SUPPLY_PRICE, DETAILS, STATUS, CREATED_AT) VALUES (SEQ_MATERIAL.NEXTVAL, '크라프트 쇼핑백', 'PK', 10000, '수량 : 200 ea' || CHR(10) || '재질 : 종이(무독성 코팅)' || CHR(10) || '사이즈 : 300 × 300 × 0 (mm)', 'ACTIVE', SYSDATE);
INSERT INTO MATERIALS (MATERIAL_ID, MATERIAL_NAME, MATERIAL_TYPE, SUPPLY_PRICE, DETAILS, STATUS, CREATED_AT) VALUES (SEQ_MATERIAL.NEXTVAL, '브리오슈버거번', 'AF', 450, '중량 : 15g' || CHR(10) || '원재료명 : 밀가루, 버터, 계란, 우유, 효모', 'ACTIVE', SYSDATE);
INSERT INTO MATERIALS (MATERIAL_ID, MATERIAL_NAME, MATERIAL_TYPE, SUPPLY_PRICE, DETAILS, STATUS, CREATED_AT) VALUES (SEQ_MATERIAL.NEXTVAL, '돼지고기패티', 'FF', 900, '중량 : 100g' || CHR(10) || '원재료명 : 돼지고기 95%, 소금, 후추, 향신료', 'ACTIVE', SYSDATE);
INSERT INTO MATERIALS (MATERIAL_ID, MATERIAL_NAME, MATERIAL_TYPE, SUPPLY_PRICE, DETAILS, STATUS, CREATED_AT) VALUES (SEQ_MATERIAL.NEXTVAL, '텐더그릴치킨패티', 'FF', 0, '중량 : 110g' || CHR(10) || '원재료명 : 닭가슴살 90%, 전분, 대두유, 정제소금', 'ACTIVE', SYSDATE);
INSERT INTO MATERIALS (MATERIAL_ID, MATERIAL_NAME, MATERIAL_TYPE, SUPPLY_PRICE, DETAILS, STATUS, CREATED_AT) VALUES (SEQ_MATERIAL.NEXTVAL, '크라프트버거박스', 'PK', 10000, '수량 : 50ea' || CHR(10) || '재질 : 크라프트지(친환경 펄프)' || CHR(10) || '사이즈 : 120 × 120 × 80 (mm)', 'ACTIVE', SYSDATE);
INSERT INTO MATERIALS (MATERIAL_ID, MATERIAL_NAME, MATERIAL_TYPE, SUPPLY_PRICE, DETAILS, STATUS, CREATED_AT) VALUES (SEQ_MATERIAL.NEXTVAL, '유산지', 'PK', 2500, '수량 : 250ea' || CHR(10) || '재질 : 실리콘 코팅 종이' || CHR(10) || '사이즈 : 250× 350 (mm)', 'ACTIVE', SYSDATE);
INSERT INTO MATERIALS (MATERIAL_ID, MATERIAL_NAME, MATERIAL_TYPE, SUPPLY_PRICE, DETAILS, STATUS, CREATED_AT) VALUES (SEQ_MATERIAL.NEXTVAL, '패티스패츌러', 'KW', 15000, '브랜드 : ChefMaster' || CHR(10) || '상품명 : 스테인리스 패티 뒤집개', 'ACTIVE', SYSDATE);
INSERT INTO MATERIALS (MATERIAL_ID, MATERIAL_NAME, MATERIAL_TYPE, SUPPLY_PRICE, DETAILS, STATUS, CREATED_AT) VALUES (SEQ_MATERIAL.NEXTVAL, '유니폼 캡', 'ET', 5000, '프리 사이즈', 'ACTIVE', SYSDATE);
INSERT INTO MATERIALS (MATERIAL_ID, MATERIAL_NAME, MATERIAL_TYPE, SUPPLY_PRICE, DETAILS, STATUS, CREATED_AT) VALUES (SEQ_MATERIAL.NEXTVAL, '앞치마', 'ET', 2500, '프리사이즈', 'ACTIVE', SYSDATE);
INSERT INTO MATERIALS (MATERIAL_ID, MATERIAL_NAME, MATERIAL_TYPE, SUPPLY_PRICE, DETAILS, STATUS, CREATED_AT) VALUES (SEQ_MATERIAL.NEXTVAL, '스테인리스 바트', 'KW', 13000, '재질 : 스테인리스' || CHR(10) || '사이즈 : 265× 163× 100 (mm)', 'ACTIVE', SYSDATE);
INSERT INTO MATERIALS (MATERIAL_ID, MATERIAL_NAME, MATERIAL_TYPE, SUPPLY_PRICE, DETAILS, STATUS, CREATED_AT) VALUES (SEQ_MATERIAL.NEXTVAL, '소스건', 'KW', 40000, '브랜드 : 비에스' || CHR(10) || '상품명 : 대용량 소스건', 'ACTIVE', SYSDATE);

-- MATERIAL_FILES
INSERT INTO MATERIAL_FILES (MATERIAL_FILE_ID, ORIGINAL_NAME, STORED_NAME, STORAGE_PATH, CREATED_AT, MATERIAL_ID) 
VALUES (SEQ_MAT_FILE.NEXTVAL, '참깨번.jpg', 'ce1ddc67-175a-4de6-803e-d68e83c5a920.jpg', 'material_upfiles/2026/06/16/ce1ddc67-175a-4de6-803e-d68e83c5a920.jpg', SYSDATE, 100);
INSERT INTO MATERIAL_FILES (MATERIAL_FILE_ID, ORIGINAL_NAME, STORED_NAME, STORAGE_PATH, CREATED_AT, MATERIAL_ID) 
VALUES (SEQ_MAT_FILE.NEXTVAL, '비프패티.jpg', '434ecff7-84c0-4b00-8621-b633c9615b22.jpg', 'material_upfiles/2026/06/16/434ecff7-84c0-4b00-8621-b633c9615b22.jpg', SYSDATE, 101);
INSERT INTO MATERIAL_FILES (MATERIAL_FILE_ID, ORIGINAL_NAME, STORED_NAME, STORAGE_PATH, CREATED_AT, MATERIAL_ID) 
VALUES (SEQ_MAT_FILE.NEXTVAL, '체다 슬라이스 치즈.jpg', 'b05fc6b9-772c-4087-8637-e9276a481caa.jpg', 'material_upfiles/2026/06/16/b05fc6b9-772c-4087-8637-e9276a481caa.jpg', SYSDATE, 102);
INSERT INTO MATERIAL_FILES (MATERIAL_FILE_ID, ORIGINAL_NAME, STORED_NAME, STORAGE_PATH, CREATED_AT, MATERIAL_ID) 
VALUES (SEQ_MAT_FILE.NEXTVAL, '양상추.jpg', '12f2a9cc-6ba5-46c3-826a-f9322a21f07d.jpg', 'material_upfiles/2026/06/16/12f2a9cc-6ba5-46c3-826a-f9322a21f07d.jpg', SYSDATE, 103);
INSERT INTO MATERIAL_FILES (MATERIAL_FILE_ID, ORIGINAL_NAME, STORED_NAME, STORAGE_PATH, CREATED_AT, MATERIAL_ID) 
VALUES (SEQ_MAT_FILE.NEXTVAL, '토마토슬라이스.jpg', '71fa75ef-4b75-43a3-9aeb-f55717e2278f.jpg', 'material_upfiles/2026/06/16/71fa75ef-4b75-43a3-9aeb-f55717e2278f.jpg', SYSDATE, 104);
INSERT INTO MATERIAL_FILES (MATERIAL_FILE_ID, ORIGINAL_NAME, STORED_NAME, STORAGE_PATH, CREATED_AT, MATERIAL_ID) 
VALUES (SEQ_MAT_FILE.NEXTVAL, '양파.jpg', 'fb845ed8-e7a1-47ad-90f6-f6c812885a30.jpg', 'material_upfiles/2026/06/16/fb845ed8-e7a1-47ad-90f6-f6c812885a30.jpg', SYSDATE, 105);
INSERT INTO MATERIAL_FILES (MATERIAL_FILE_ID, ORIGINAL_NAME, STORED_NAME, STORAGE_PATH, CREATED_AT, MATERIAL_ID) 
VALUES (SEQ_MAT_FILE.NEXTVAL, '피클.jpg', '4cd73760-f252-4b09-ad35-d8b7b1455b25.jpg', 'material_upfiles/2026/06/16/4cd73760-f252-4b09-ad35-d8b7b1455b25.jpg', SYSDATE, 106);
INSERT INTO MATERIAL_FILES (MATERIAL_FILE_ID, ORIGINAL_NAME, STORED_NAME, STORAGE_PATH, CREATED_AT, MATERIAL_ID) 
VALUES (SEQ_MAT_FILE.NEXTVAL, '계란.jpg', 'c33bd817-e394-49f9-b9fd-94134bc6cef2.jpg', 'material_upfiles/2026/06/16/c33bd817-e394-49f9-b9fd-94134bc6cef2.jpg', SYSDATE, 107);
INSERT INTO MATERIAL_FILES (MATERIAL_FILE_ID, ORIGINAL_NAME, STORED_NAME, STORAGE_PATH, CREATED_AT, MATERIAL_ID) 
VALUES (SEQ_MAT_FILE.NEXTVAL, '베이컨.jpg', '573ce088-9198-44aa-afe6-81e0f55e6817.jpg', 'material_upfiles/2026/06/16/573ce088-9198-44aa-afe6-81e0f55e6817.jpg', SYSDATE, 108);
INSERT INTO MATERIAL_FILES (MATERIAL_FILE_ID, ORIGINAL_NAME, STORED_NAME, STORAGE_PATH, CREATED_AT, MATERIAL_ID) 
VALUES (SEQ_MAT_FILE.NEXTVAL, '감자튀김.jpg', '9deda851-5f07-4ba3-8ea8-ba914c42f1a1.jpg', 'material_upfiles/2026/06/16/9deda851-5f07-4ba3-8ea8-ba914c42f1a1.jpg', SYSDATE, 109);
INSERT INTO MATERIAL_FILES (MATERIAL_FILE_ID, ORIGINAL_NAME, STORED_NAME, STORAGE_PATH, CREATED_AT, MATERIAL_ID) 
VALUES (SEQ_MAT_FILE.NEXTVAL, '크래프트쇼핑백.jpg', 'e0aff71a-e5a6-4b78-861f-963fcf829854.jpg', 'material_upfiles/2026/06/16/e0aff71a-e5a6-4b78-861f-963fcf829854.jpg', SYSDATE, 110);
INSERT INTO MATERIAL_FILES (MATERIAL_FILE_ID, ORIGINAL_NAME, STORED_NAME, STORAGE_PATH, CREATED_AT, MATERIAL_ID) 
VALUES (SEQ_MAT_FILE.NEXTVAL, '케첩.jpg', '4f98d32f-4e16-40f6-aafd-4ea2b550b13b.jpg', 'material_upfiles/2026/06/16/4f98d32f-4e16-40f6-aafd-4ea2b550b13b.jpg', SYSDATE, 111);
INSERT INTO MATERIAL_FILES (MATERIAL_FILE_ID, ORIGINAL_NAME, STORED_NAME, STORAGE_PATH, CREATED_AT, MATERIAL_ID) 
VALUES (SEQ_MAT_FILE.NEXTVAL, '마요네즈.jpg', 'cc29b392-c876-45a0-8f95-be4dde35d940.jpg', 'material_upfiles/2026/06/16/cc29b392-c876-45a0-8f95-be4dde35d940.jpg', SYSDATE, 112);
INSERT INTO MATERIAL_FILES (MATERIAL_FILE_ID, ORIGINAL_NAME, STORED_NAME, STORAGE_PATH, CREATED_AT, MATERIAL_ID) 
VALUES (SEQ_MAT_FILE.NEXTVAL, '콜라시럽.jpg', 'e01af520-36d5-4bcf-82d6-63bdd1f8b005.jpg', 'material_upfiles/2026/06/16/e01af520-36d5-4bcf-82d6-63bdd1f8b005.jpg', SYSDATE, 113);
INSERT INTO MATERIAL_FILES (MATERIAL_FILE_ID, ORIGINAL_NAME, STORED_NAME, STORAGE_PATH, CREATED_AT, MATERIAL_ID) 
VALUES (SEQ_MAT_FILE.NEXTVAL, '브리오슈버거번.jpg', '71a493be-2e33-4c22-85fe-96eee36178e8.jpg', 'material_upfiles/2026/06/16/71a493be-2e33-4c22-85fe-96eee36178e8.jpg', SYSDATE, 114);
INSERT INTO MATERIAL_FILES (MATERIAL_FILE_ID, ORIGINAL_NAME, STORED_NAME, STORAGE_PATH, CREATED_AT, MATERIAL_ID) 
VALUES (SEQ_MAT_FILE.NEXTVAL, '돼지고기패티.jpg', '47926a26-776e-450d-8d55-3d80b6ddf977.jpg', 'material_upfiles/2026/06/16/47926a26-776e-450d-8d55-3d80b6ddf977.jpg', SYSDATE, 115);
INSERT INTO MATERIAL_FILES (MATERIAL_FILE_ID, ORIGINAL_NAME, STORED_NAME, STORAGE_PATH, CREATED_AT, MATERIAL_ID) 
VALUES (SEQ_MAT_FILE.NEXTVAL, '텐더그릴치킨패티.jpg', '7f3ad5a3-c5a9-4d35-8352-12baa5cfc7d2.jpg', 'material_upfiles/2026/06/16/7f3ad5a3-c5a9-4d35-8352-12baa5cfc7d2.jpg', SYSDATE, 116);
INSERT INTO MATERIAL_FILES (MATERIAL_FILE_ID, ORIGINAL_NAME, STORED_NAME, STORAGE_PATH, CREATED_AT, MATERIAL_ID) 
VALUES (SEQ_MAT_FILE.NEXTVAL, '크라프트버거박스.jpg', '99e7fbe2-0638-4bef-8ee1-b05302507173.jpg', 'material_upfiles/2026/06/16/99e7fbe2-0638-4bef-8ee1-b05302507173.jpg', SYSDATE, 117);
INSERT INTO MATERIAL_FILES (MATERIAL_FILE_ID, ORIGINAL_NAME, STORED_NAME, STORAGE_PATH, CREATED_AT, MATERIAL_ID) 
VALUES (SEQ_MAT_FILE.NEXTVAL, '유산지.jpg', '5a34fb7e-9e4f-42d3-9fcf-025873994a17.jpg', 'material_upfiles/2026/06/16/5a34fb7e-9e4f-42d3-9fcf-025873994a17.jpg', SYSDATE, 118);
INSERT INTO MATERIAL_FILES (MATERIAL_FILE_ID, ORIGINAL_NAME, STORED_NAME, STORAGE_PATH, CREATED_AT, MATERIAL_ID) 
VALUES (SEQ_MAT_FILE.NEXTVAL, '패티스패츌러.jpg', '1e621a99-ded8-426c-82c6-1e8688c4edfc.jpg', 'material_upfiles/2026/06/16/1e621a99-ded8-426c-82c6-1e8688c4edfc.jpg', SYSDATE, 119);
INSERT INTO MATERIAL_FILES (MATERIAL_FILE_ID, ORIGINAL_NAME, STORED_NAME, STORAGE_PATH, CREATED_AT, MATERIAL_ID) 
VALUES (SEQ_MAT_FILE.NEXTVAL, '모자.jpg', '4fc1e523-5a64-4ede-96d5-bf21c764495c.jpg', 'material_upfiles/2026/06/16/4fc1e523-5a64-4ede-96d5-bf21c764495c.jpg', SYSDATE, 120);
INSERT INTO MATERIAL_FILES (MATERIAL_FILE_ID, ORIGINAL_NAME, STORED_NAME, STORAGE_PATH, CREATED_AT, MATERIAL_ID) 
VALUES (SEQ_MAT_FILE.NEXTVAL, '버거스택 유니폼.png', '0402d616-f111-4e61-b94f-e5cab86e1aeb.png', 'material_upfiles/2026/06/16/0402d616-f111-4e61-b94f-e5cab86e1aeb.png', SYSDATE, 121);
INSERT INTO MATERIAL_FILES (MATERIAL_FILE_ID, ORIGINAL_NAME, STORED_NAME, STORAGE_PATH, CREATED_AT, MATERIAL_ID) 
VALUES (SEQ_MAT_FILE.NEXTVAL, '밧드.jpg', '9e467a48-937c-4b77-81e7-24004aee36f6.jpg', 'material_upfiles/2026/06/16/9e467a48-937c-4b77-81e7-24004aee36f6.jpg', SYSDATE, 122);
INSERT INTO MATERIAL_FILES (MATERIAL_FILE_ID, ORIGINAL_NAME, STORED_NAME, STORAGE_PATH, CREATED_AT, MATERIAL_ID) 
VALUES (SEQ_MAT_FILE.NEXTVAL, '소스건.png', '274f60f8-7456-479d-a627-3844a0058128.png', 'material_upfiles/2026/06/16/274f60f8-7456-479d-a627-3844a0058128.png', SYSDATE, 123);


INSERT INTO STORE_INVENTORIES (STORE_INVENTORY_ID, CURRENT_QUANTITY, SAFETY_QUANTITY, STORE_ID, MATERIAL_ID, CREATED_AT) VALUES (1, 120, 30, 1, 100, SYSDATE - 24);
INSERT INTO STORE_INVENTORIES (STORE_INVENTORY_ID, CURRENT_QUANTITY, SAFETY_QUANTITY, STORE_ID, MATERIAL_ID, CREATED_AT) VALUES (2, 8, 30, 1, 101, SYSDATE - 24);
INSERT INTO STORE_INVENTORIES (STORE_INVENTORY_ID, CURRENT_QUANTITY, SAFETY_QUANTITY, STORE_ID, MATERIAL_ID, CREATED_AT) VALUES (3, 100, 25, 1, 102, SYSDATE - 24);
INSERT INTO STORE_INVENTORIES (STORE_INVENTORY_ID, CURRENT_QUANTITY, SAFETY_QUANTITY, STORE_ID, MATERIAL_ID, CREATED_AT) VALUES (4, 60, 20, 1, 103, SYSDATE - 24);
INSERT INTO STORE_INVENTORIES (STORE_INVENTORY_ID, CURRENT_QUANTITY, SAFETY_QUANTITY, STORE_ID, MATERIAL_ID, CREATED_AT) VALUES (5, 12, 20, 1, 104, SYSDATE - 24);
INSERT INTO STORE_INVENTORIES (STORE_INVENTORY_ID, CURRENT_QUANTITY, SAFETY_QUANTITY, STORE_ID, MATERIAL_ID, CREATED_AT) VALUES (6, 70, 20, 1, 105, SYSDATE - 24);
INSERT INTO STORE_INVENTORIES (STORE_INVENTORY_ID, CURRENT_QUANTITY, SAFETY_QUANTITY, STORE_ID, MATERIAL_ID, CREATED_AT) VALUES (7, 90, 25, 1, 106, SYSDATE - 24);
INSERT INTO STORE_INVENTORIES (STORE_INVENTORY_ID, CURRENT_QUANTITY, SAFETY_QUANTITY, STORE_ID, MATERIAL_ID, CREATED_AT) VALUES (8, 0, 15, 1, 107, SYSDATE - 24);
INSERT INTO STORE_INVENTORIES (STORE_INVENTORY_ID, CURRENT_QUANTITY, SAFETY_QUANTITY, STORE_ID, MATERIAL_ID, CREATED_AT) VALUES (9, 50, 15, 1, 108, SYSDATE - 24);
INSERT INTO STORE_INVENTORIES (STORE_INVENTORY_ID, CURRENT_QUANTITY, SAFETY_QUANTITY, STORE_ID, MATERIAL_ID, CREATED_AT) VALUES (10, 110, 30, 1, 109, SYSDATE - 24);
INSERT INTO STORE_INVENTORIES (STORE_INVENTORY_ID, CURRENT_QUANTITY, SAFETY_QUANTITY, STORE_ID, MATERIAL_ID, CREATED_AT) VALUES (11, 20, 20, 1, 110, SYSDATE - 24);
INSERT INTO STORE_INVENTORIES (STORE_INVENTORY_ID, CURRENT_QUANTITY, SAFETY_QUANTITY, STORE_ID, MATERIAL_ID, CREATED_AT) VALUES (12, 18, 20, 1, 111, SYSDATE - 24);
INSERT INTO STORE_INVENTORIES (STORE_INVENTORY_ID, CURRENT_QUANTITY, SAFETY_QUANTITY, STORE_ID, MATERIAL_ID, CREATED_AT) VALUES (13, 25, 10, 1, 112, SYSDATE - 24);
INSERT INTO STORE_INVENTORIES (STORE_INVENTORY_ID, CURRENT_QUANTITY, SAFETY_QUANTITY, STORE_ID, MATERIAL_ID, CREATED_AT) VALUES (14, 40, 20, 1, 113, SYSDATE - 24);
INSERT INTO STORE_INVENTORIES (STORE_INVENTORY_ID, CURRENT_QUANTITY, SAFETY_QUANTITY, STORE_ID, MATERIAL_ID, CREATED_AT) VALUES (15, 40, 20, 1, 114, SYSDATE - 24);
INSERT INTO STORE_INVENTORIES (STORE_INVENTORY_ID, CURRENT_QUANTITY, SAFETY_QUANTITY, STORE_ID, MATERIAL_ID, CREATED_AT) VALUES (16, 40, 20, 1, 115, SYSDATE - 24);
INSERT INTO STORE_INVENTORIES (STORE_INVENTORY_ID, CURRENT_QUANTITY, SAFETY_QUANTITY, STORE_ID, MATERIAL_ID, CREATED_AT) VALUES (17, 40, 20, 1, 116, SYSDATE - 24);
INSERT INTO STORE_INVENTORIES (STORE_INVENTORY_ID, CURRENT_QUANTITY, SAFETY_QUANTITY, STORE_ID, MATERIAL_ID, CREATED_AT) VALUES (18, 40, 0, 1, 117, SYSDATE - 24);
INSERT INTO STORE_INVENTORIES (STORE_INVENTORY_ID, CURRENT_QUANTITY, SAFETY_QUANTITY, STORE_ID, MATERIAL_ID, CREATED_AT) VALUES (19, 40, 0, 1, 118, SYSDATE - 24);
INSERT INTO STORE_INVENTORIES (STORE_INVENTORY_ID, CURRENT_QUANTITY, SAFETY_QUANTITY, STORE_ID, MATERIAL_ID, CREATED_AT) VALUES (20, 4, 0, 1, 119, SYSDATE - 24);
INSERT INTO STORE_INVENTORIES (STORE_INVENTORY_ID, CURRENT_QUANTITY, SAFETY_QUANTITY, STORE_ID, MATERIAL_ID, CREATED_AT) VALUES (21, 5, 0, 1, 120, SYSDATE - 24);
INSERT INTO STORE_INVENTORIES (STORE_INVENTORY_ID, CURRENT_QUANTITY, SAFETY_QUANTITY, STORE_ID, MATERIAL_ID, CREATED_AT) VALUES (22, 5, 0, 1, 121, SYSDATE - 24);
INSERT INTO STORE_INVENTORIES (STORE_INVENTORY_ID, CURRENT_QUANTITY, SAFETY_QUANTITY, STORE_ID, MATERIAL_ID, CREATED_AT) VALUES (23, 4, 0, 1, 122, SYSDATE - 24);
INSERT INTO STORE_INVENTORIES (STORE_INVENTORY_ID, CURRENT_QUANTITY, SAFETY_QUANTITY, STORE_ID, MATERIAL_ID, CREATED_AT) VALUES (24, 2, 0, 1, 123, SYSDATE - 24);
-- 강남점: 메인 시연 계정의 2주 흐름 시작 기준 재고

INSERT INTO STORE_INVENTORIES (STORE_INVENTORY_ID, CURRENT_QUANTITY, SAFETY_QUANTITY, STORE_ID, MATERIAL_ID, CREATED_AT) VALUES (25, 95, 30, 2, 100, SYSDATE - 24);
INSERT INTO STORE_INVENTORIES (STORE_INVENTORY_ID, CURRENT_QUANTITY, SAFETY_QUANTITY, STORE_ID, MATERIAL_ID, CREATED_AT) VALUES (26, 45, 20, 2, 101, SYSDATE - 24);
INSERT INTO STORE_INVENTORIES (STORE_INVENTORY_ID, CURRENT_QUANTITY, SAFETY_QUANTITY, STORE_ID, MATERIAL_ID, CREATED_AT) VALUES (27, 70, 25, 2, 102, SYSDATE - 24);
INSERT INTO STORE_INVENTORIES (STORE_INVENTORY_ID, CURRENT_QUANTITY, SAFETY_QUANTITY, STORE_ID, MATERIAL_ID, CREATED_AT) VALUES (28, 5, 20, 2, 103, SYSDATE - 24);
INSERT INTO STORE_INVENTORIES (STORE_INVENTORY_ID, CURRENT_QUANTITY, SAFETY_QUANTITY, STORE_ID, MATERIAL_ID, CREATED_AT) VALUES (29, 30, 20, 2, 104, SYSDATE - 24);
INSERT INTO STORE_INVENTORIES (STORE_INVENTORY_ID, CURRENT_QUANTITY, SAFETY_QUANTITY, STORE_ID, MATERIAL_ID, CREATED_AT) VALUES (30, 42, 20, 2, 105, SYSDATE - 24);
INSERT INTO STORE_INVENTORIES (STORE_INVENTORY_ID, CURRENT_QUANTITY, SAFETY_QUANTITY, STORE_ID, MATERIAL_ID, CREATED_AT) VALUES (31, 65, 25, 2, 106, SYSDATE - 24);
INSERT INTO STORE_INVENTORIES (STORE_INVENTORY_ID, CURRENT_QUANTITY, SAFETY_QUANTITY, STORE_ID, MATERIAL_ID, CREATED_AT) VALUES (32, 18, 15, 2, 107, SYSDATE - 24);
INSERT INTO STORE_INVENTORIES (STORE_INVENTORY_ID, CURRENT_QUANTITY, SAFETY_QUANTITY, STORE_ID, MATERIAL_ID, CREATED_AT) VALUES (33, 22, 15, 2, 108, SYSDATE - 24);
INSERT INTO STORE_INVENTORIES (STORE_INVENTORY_ID, CURRENT_QUANTITY, SAFETY_QUANTITY, STORE_ID, MATERIAL_ID, CREATED_AT) VALUES (34, 75, 30, 2, 109, SYSDATE - 24);
INSERT INTO STORE_INVENTORIES (STORE_INVENTORY_ID, CURRENT_QUANTITY, SAFETY_QUANTITY, STORE_ID, MATERIAL_ID, CREATED_AT) VALUES (35, 28, 20, 2, 110, SYSDATE - 24);
INSERT INTO STORE_INVENTORIES (STORE_INVENTORY_ID, CURRENT_QUANTITY, SAFETY_QUANTITY, STORE_ID, MATERIAL_ID, CREATED_AT) VALUES (36, 24, 20, 2, 111, SYSDATE - 24);
INSERT INTO STORE_INVENTORIES (STORE_INVENTORY_ID, CURRENT_QUANTITY, SAFETY_QUANTITY, STORE_ID, MATERIAL_ID, CREATED_AT) VALUES (37, 9, 10, 2, 112, SYSDATE - 24);
INSERT INTO STORE_INVENTORIES (STORE_INVENTORY_ID, CURRENT_QUANTITY, SAFETY_QUANTITY, STORE_ID, MATERIAL_ID, CREATED_AT) VALUES (38, 40, 20, 2, 113, SYSDATE - 24);
INSERT INTO STORE_INVENTORIES (STORE_INVENTORY_ID, CURRENT_QUANTITY, SAFETY_QUANTITY, STORE_ID, MATERIAL_ID, CREATED_AT) VALUES (39, 40, 20, 2, 114, SYSDATE - 24);
INSERT INTO STORE_INVENTORIES (STORE_INVENTORY_ID, CURRENT_QUANTITY, SAFETY_QUANTITY, STORE_ID, MATERIAL_ID, CREATED_AT) VALUES (40, 40, 20, 2, 115, SYSDATE - 24);
INSERT INTO STORE_INVENTORIES (STORE_INVENTORY_ID, CURRENT_QUANTITY, SAFETY_QUANTITY, STORE_ID, MATERIAL_ID, CREATED_AT) VALUES (41, 40, 20, 2, 116, SYSDATE - 24);
INSERT INTO STORE_INVENTORIES (STORE_INVENTORY_ID, CURRENT_QUANTITY, SAFETY_QUANTITY, STORE_ID, MATERIAL_ID, CREATED_AT) VALUES (42, 40, 0, 2, 117, SYSDATE - 24);
INSERT INTO STORE_INVENTORIES (STORE_INVENTORY_ID, CURRENT_QUANTITY, SAFETY_QUANTITY, STORE_ID, MATERIAL_ID, CREATED_AT) VALUES (43, 40, 0, 2, 118, SYSDATE - 24);
INSERT INTO STORE_INVENTORIES (STORE_INVENTORY_ID, CURRENT_QUANTITY, SAFETY_QUANTITY, STORE_ID, MATERIAL_ID, CREATED_AT) VALUES (44, 4, 0, 2, 119, SYSDATE - 24);
INSERT INTO STORE_INVENTORIES (STORE_INVENTORY_ID, CURRENT_QUANTITY, SAFETY_QUANTITY, STORE_ID, MATERIAL_ID, CREATED_AT) VALUES (45, 5, 0, 2, 120, SYSDATE - 24);
INSERT INTO STORE_INVENTORIES (STORE_INVENTORY_ID, CURRENT_QUANTITY, SAFETY_QUANTITY, STORE_ID, MATERIAL_ID, CREATED_AT) VALUES (46, 5, 0, 2, 121, SYSDATE - 24);
INSERT INTO STORE_INVENTORIES (STORE_INVENTORY_ID, CURRENT_QUANTITY, SAFETY_QUANTITY, STORE_ID, MATERIAL_ID, CREATED_AT) VALUES (47, 4, 0, 2, 122, SYSDATE - 24);
INSERT INTO STORE_INVENTORIES (STORE_INVENTORY_ID, CURRENT_QUANTITY, SAFETY_QUANTITY, STORE_ID, MATERIAL_ID, CREATED_AT) VALUES (48, 2, 0, 2, 123, SYSDATE - 24);

-- 동대문점: 정상 운영 점포

INSERT INTO STORE_INVENTORIES (STORE_INVENTORY_ID, CURRENT_QUANTITY, SAFETY_QUANTITY, STORE_ID, MATERIAL_ID, CREATED_AT) VALUES (49, 150, 30, 3, 100, SYSDATE - 24);
INSERT INTO STORE_INVENTORIES (STORE_INVENTORY_ID, CURRENT_QUANTITY, SAFETY_QUANTITY, STORE_ID, MATERIAL_ID, CREATED_AT) VALUES (50, 110, 20, 3, 101, SYSDATE - 24);
INSERT INTO STORE_INVENTORIES (STORE_INVENTORY_ID, CURRENT_QUANTITY, SAFETY_QUANTITY, STORE_ID, MATERIAL_ID, CREATED_AT) VALUES (51, 130, 25, 3, 102, SYSDATE - 24);
INSERT INTO STORE_INVENTORIES (STORE_INVENTORY_ID, CURRENT_QUANTITY, SAFETY_QUANTITY, STORE_ID, MATERIAL_ID, CREATED_AT) VALUES (52, 85, 20, 3, 103, SYSDATE - 24);
INSERT INTO STORE_INVENTORIES (STORE_INVENTORY_ID, CURRENT_QUANTITY, SAFETY_QUANTITY, STORE_ID, MATERIAL_ID, CREATED_AT) VALUES (53, 78, 20, 3, 104, SYSDATE - 24);
INSERT INTO STORE_INVENTORIES (STORE_INVENTORY_ID, CURRENT_QUANTITY, SAFETY_QUANTITY, STORE_ID, MATERIAL_ID, CREATED_AT) VALUES (54, 95, 20, 3, 105, SYSDATE - 24);
INSERT INTO STORE_INVENTORIES (STORE_INVENTORY_ID, CURRENT_QUANTITY, SAFETY_QUANTITY, STORE_ID, MATERIAL_ID, CREATED_AT) VALUES (55, 105, 25, 3, 106, SYSDATE - 24);
INSERT INTO STORE_INVENTORIES (STORE_INVENTORY_ID, CURRENT_QUANTITY, SAFETY_QUANTITY, STORE_ID, MATERIAL_ID, CREATED_AT) VALUES (56, 70, 15, 3, 107, SYSDATE - 24);
INSERT INTO STORE_INVENTORIES (STORE_INVENTORY_ID, CURRENT_QUANTITY, SAFETY_QUANTITY, STORE_ID, MATERIAL_ID, CREATED_AT) VALUES (57, 65, 15, 3, 108, SYSDATE - 24);
INSERT INTO STORE_INVENTORIES (STORE_INVENTORY_ID, CURRENT_QUANTITY, SAFETY_QUANTITY, STORE_ID, MATERIAL_ID, CREATED_AT) VALUES (58, 140, 30, 3, 109, SYSDATE - 24);
INSERT INTO STORE_INVENTORIES (STORE_INVENTORY_ID, CURRENT_QUANTITY, SAFETY_QUANTITY, STORE_ID, MATERIAL_ID, CREATED_AT) VALUES (59, 48, 20, 3, 110, SYSDATE - 24);
INSERT INTO STORE_INVENTORIES (STORE_INVENTORY_ID, CURRENT_QUANTITY, SAFETY_QUANTITY, STORE_ID, MATERIAL_ID, CREATED_AT) VALUES (60, 35, 20, 3, 111, SYSDATE - 24);
INSERT INTO STORE_INVENTORIES (STORE_INVENTORY_ID, CURRENT_QUANTITY, SAFETY_QUANTITY, STORE_ID, MATERIAL_ID, CREATED_AT) VALUES (61, 12, 10, 3, 112, SYSDATE - 24);
INSERT INTO STORE_INVENTORIES (STORE_INVENTORY_ID, CURRENT_QUANTITY, SAFETY_QUANTITY, STORE_ID, MATERIAL_ID, CREATED_AT) VALUES (62, 50, 20, 3, 113, SYSDATE - 24);
INSERT INTO STORE_INVENTORIES (STORE_INVENTORY_ID, CURRENT_QUANTITY, SAFETY_QUANTITY, STORE_ID, MATERIAL_ID, CREATED_AT) VALUES (63, 50, 20, 3, 114, SYSDATE - 24);
INSERT INTO STORE_INVENTORIES (STORE_INVENTORY_ID, CURRENT_QUANTITY, SAFETY_QUANTITY, STORE_ID, MATERIAL_ID, CREATED_AT) VALUES (64, 50, 20, 3, 115, SYSDATE - 24);
INSERT INTO STORE_INVENTORIES (STORE_INVENTORY_ID, CURRENT_QUANTITY, SAFETY_QUANTITY, STORE_ID, MATERIAL_ID, CREATED_AT) VALUES (65, 50, 20, 3, 116, SYSDATE - 24);
INSERT INTO STORE_INVENTORIES (STORE_INVENTORY_ID, CURRENT_QUANTITY, SAFETY_QUANTITY, STORE_ID, MATERIAL_ID, CREATED_AT) VALUES (66, 50, 0, 3, 117, SYSDATE - 24);
INSERT INTO STORE_INVENTORIES (STORE_INVENTORY_ID, CURRENT_QUANTITY, SAFETY_QUANTITY, STORE_ID, MATERIAL_ID, CREATED_AT) VALUES (67, 50, 0, 3, 118, SYSDATE - 24);
INSERT INTO STORE_INVENTORIES (STORE_INVENTORY_ID, CURRENT_QUANTITY, SAFETY_QUANTITY, STORE_ID, MATERIAL_ID, CREATED_AT) VALUES (68, 4, 0, 3, 119, SYSDATE - 24);
INSERT INTO STORE_INVENTORIES (STORE_INVENTORY_ID, CURRENT_QUANTITY, SAFETY_QUANTITY, STORE_ID, MATERIAL_ID, CREATED_AT) VALUES (69, 5, 0, 3, 120, SYSDATE - 24);
INSERT INTO STORE_INVENTORIES (STORE_INVENTORY_ID, CURRENT_QUANTITY, SAFETY_QUANTITY, STORE_ID, MATERIAL_ID, CREATED_AT) VALUES (70, 5, 0, 3, 121, SYSDATE - 24);
INSERT INTO STORE_INVENTORIES (STORE_INVENTORY_ID, CURRENT_QUANTITY, SAFETY_QUANTITY, STORE_ID, MATERIAL_ID, CREATED_AT) VALUES (71, 4, 0, 3, 122, SYSDATE - 24);
INSERT INTO STORE_INVENTORIES (STORE_INVENTORY_ID, CURRENT_QUANTITY, SAFETY_QUANTITY, STORE_ID, MATERIAL_ID, CREATED_AT) VALUES (72, 2, 0, 3, 123, SYSDATE - 24);
-- 종로점: 이슈 점포
