-- =========================================================
-- 20_seed_purchase.sql
-- 역할:
--   - 발주 시나리오 데이터 시딩
-- 포함 범위:
--   - PURCHASE_ORDERS
--   - PURCHASE_ORDER_ITEMS
--   - PURCHASE_ORDER_HISTORIES
-- 상태 분포:
--   - REQUESTED 3건
--   - APPROVED 3건
--   - PARTIALLY_APPROVED 2건
--   - REJECTED 2건
--   - CANCELED 2건
--   - RECEIVED 4건
-- =========================================================

-- 1. 강남점 RECEIVED
INSERT INTO PURCHASE_ORDERS (PURCHASE_ORDER_ID, TOTAL_AMOUNT, ORDER_MEMO, STATUS, CREATED_AT, UPDATED_AT, STORE_ID) VALUES
    (1, 95700, '오픈 주간 판매량 증가 대비 기본 자재 발주', 'RECEIVED', TRUNC(DATE '2026-06-17', 'IW') - 12 + (9 / 24), TRUNC(DATE '2026-06-17', 'IW') - 10 + (10 / 24), 1);
INSERT INTO PURCHASE_ORDER_ITEMS (PURCHASE_ORDER_ITEM_ID, REQUEST_QUANTITY, APPROVED_QUANTITY, REJECT_REASON, MATERIAL_NAME_SNAPSHOT, SUPPLY_PRICE_SNAPSHOT, MATERIAL_ID, PURCHASE_ORDER_ID) VALUES
    (1, 20, 20, NULL, '참깨번', 1200, 1, 1);
INSERT INTO PURCHASE_ORDER_ITEMS (PURCHASE_ORDER_ITEM_ID, REQUEST_QUANTITY, APPROVED_QUANTITY, REJECT_REASON, MATERIAL_NAME_SNAPSHOT, SUPPLY_PRICE_SNAPSHOT, MATERIAL_ID, PURCHASE_ORDER_ID) VALUES
    (2, 15, 15, NULL, '비프패티', 3500, 2, 1);
INSERT INTO PURCHASE_ORDER_ITEMS (PURCHASE_ORDER_ITEM_ID, REQUEST_QUANTITY, APPROVED_QUANTITY, REJECT_REASON, MATERIAL_NAME_SNAPSHOT, SUPPLY_PRICE_SNAPSHOT, MATERIAL_ID, PURCHASE_ORDER_ID) VALUES
    (3, 12, 12, NULL, '양상추', 1600, 4, 1);
INSERT INTO PURCHASE_ORDER_HISTORIES (PURCHASE_ORDER_HISTORY_ID, TO_STATUS, REASON, CREATED_AT, CREATED_BY, PURCHASE_ORDER_ID) VALUES
    (1, 'REQUESTED', '점주가 주말 판매량 증가에 대비해 기본 자재를 요청함', TRUNC(DATE '2026-06-17', 'IW') - 12 + (9 / 24), 2, 1);
INSERT INTO PURCHASE_ORDER_HISTORIES (PURCHASE_ORDER_HISTORY_ID, TO_STATUS, REASON, CREATED_AT, CREATED_BY, PURCHASE_ORDER_ID) VALUES
    (2, 'APPROVED', '기본 자재로 판단되어 전량 승인함', TRUNC(DATE '2026-06-17', 'IW') - 11 + (11 / 24), 1, 1);
INSERT INTO PURCHASE_ORDER_HISTORIES (PURCHASE_ORDER_HISTORY_ID, TO_STATUS, REASON, CREATED_AT, CREATED_BY, PURCHASE_ORDER_ID) VALUES
    (3, 'RECEIVED', '강남점에서 정상 입고를 완료함', TRUNC(DATE '2026-06-17', 'IW') - 10 + (10 / 24), 2, 1);

-- 2. 강남점 REJECTED
INSERT INTO PURCHASE_ORDERS (PURCHASE_ORDER_ID, TOTAL_AMOUNT, ORDER_MEMO, STATUS, CREATED_AT, UPDATED_AT, STORE_ID) VALUES
    (2, 235000, '신규 메뉴 사전 테스트용 대량 발주 요청', 'REJECTED', TRUNC(DATE '2026-06-17', 'IW') - 10 + (14 / 24), TRUNC(DATE '2026-06-17', 'IW') - 10 + (18 / 24), 1);
INSERT INTO PURCHASE_ORDER_ITEMS (PURCHASE_ORDER_ITEM_ID, REQUEST_QUANTITY, APPROVED_QUANTITY, REJECT_REASON, MATERIAL_NAME_SNAPSHOT, SUPPLY_PRICE_SNAPSHOT, MATERIAL_ID, PURCHASE_ORDER_ID) VALUES
    (4, 40, 0, '사전 승인되지 않은 테스트 발주입니다.', '비프패티', 3500, 2, 2);
INSERT INTO PURCHASE_ORDER_ITEMS (PURCHASE_ORDER_ITEM_ID, REQUEST_QUANTITY, APPROVED_QUANTITY, REJECT_REASON, MATERIAL_NAME_SNAPSHOT, SUPPLY_PRICE_SNAPSHOT, MATERIAL_ID, PURCHASE_ORDER_ID) VALUES
    (5, 25, 0, '행사 승인 문서가 없어 발주를 진행할 수 없습니다.', '베이컨', 3800, 8, 2);
INSERT INTO PURCHASE_ORDER_HISTORIES (PURCHASE_ORDER_HISTORY_ID, TO_STATUS, REASON, CREATED_AT, CREATED_BY, PURCHASE_ORDER_ID) VALUES
    (4, 'REQUESTED', '점주가 신규 메뉴 검증용으로 대량 자재를 요청함', TRUNC(DATE '2026-06-17', 'IW') - 10 + (14 / 24), 2, 2);
INSERT INTO PURCHASE_ORDER_HISTORIES (PURCHASE_ORDER_HISTORY_ID, TO_STATUS, REASON, CREATED_AT, CREATED_BY, PURCHASE_ORDER_ID) VALUES
    (5, 'REJECTED', '사전 승인 없는 테스트 발주라 반려함', TRUNC(DATE '2026-06-17', 'IW') - 10 + (18 / 24), 1, 2);

-- 3. 강남점 RECEIVED
INSERT INTO PURCHASE_ORDERS (PURCHASE_ORDER_ID, TOTAL_AMOUNT, ORDER_MEMO, STATUS, CREATED_AT, UPDATED_AT, STORE_ID) VALUES
    (3, 60000, '2주차 중반 소모 자재 보충 발주', 'RECEIVED', TRUNC(DATE '2026-06-17', 'IW') - 5 + (9 / 24), TRUNC(DATE '2026-06-17', 'IW') - 3 + (11 / 24), 1);
INSERT INTO PURCHASE_ORDER_ITEMS (PURCHASE_ORDER_ITEM_ID, REQUEST_QUANTITY, APPROVED_QUANTITY, REJECT_REASON, MATERIAL_NAME_SNAPSHOT, SUPPLY_PRICE_SNAPSHOT, MATERIAL_ID, PURCHASE_ORDER_ID) VALUES
    (6, 10, 10, NULL, '감자튀김', 1600, 11, 3);
INSERT INTO PURCHASE_ORDER_ITEMS (PURCHASE_ORDER_ITEM_ID, REQUEST_QUANTITY, APPROVED_QUANTITY, REJECT_REASON, MATERIAL_NAME_SNAPSHOT, SUPPLY_PRICE_SNAPSHOT, MATERIAL_ID, PURCHASE_ORDER_ID) VALUES
    (7, 8, 8, NULL, '케첩', 2500, 12, 3);
INSERT INTO PURCHASE_ORDER_ITEMS (PURCHASE_ORDER_ITEM_ID, REQUEST_QUANTITY, APPROVED_QUANTITY, REJECT_REASON, MATERIAL_NAME_SNAPSHOT, SUPPLY_PRICE_SNAPSHOT, MATERIAL_ID, PURCHASE_ORDER_ID) VALUES
    (8, 20, 20, NULL, '포장지', 1200, 14, 3);
INSERT INTO PURCHASE_ORDER_HISTORIES (PURCHASE_ORDER_HISTORY_ID, TO_STATUS, REASON, CREATED_AT, CREATED_BY, PURCHASE_ORDER_ID) VALUES
    (6, 'REQUESTED', '마감 누적 사용량을 기준으로 보충 발주함', TRUNC(DATE '2026-06-17', 'IW') - 5 + (9 / 24), 2, 3);
INSERT INTO PURCHASE_ORDER_HISTORIES (PURCHASE_ORDER_HISTORY_ID, TO_STATUS, REASON, CREATED_AT, CREATED_BY, PURCHASE_ORDER_ID) VALUES
    (7, 'APPROVED', '반복 사용 자재라 바로 승인함', TRUNC(DATE '2026-06-17', 'IW') - 4 + (15 / 24), 1, 3);
INSERT INTO PURCHASE_ORDER_HISTORIES (PURCHASE_ORDER_HISTORY_ID, TO_STATUS, REASON, CREATED_AT, CREATED_BY, PURCHASE_ORDER_ID) VALUES
    (8, 'RECEIVED', '강남점에서 입고 확인을 완료함', TRUNC(DATE '2026-06-17', 'IW') - 3 + (11 / 24), 2, 3);

-- 4. 강남점 REQUESTED
INSERT INTO PURCHASE_ORDERS (PURCHASE_ORDER_ID, TOTAL_AMOUNT, ORDER_MEMO, STATUS, CREATED_AT, UPDATED_AT, STORE_ID) VALUES
    (4, 51000, '이번 주 후반 소스류 재고 부족 대비 발주', 'REQUESTED', TRUNC(DATE '2026-06-17', 'IW') + (14 / 24), NULL, 1);
INSERT INTO PURCHASE_ORDER_ITEMS (PURCHASE_ORDER_ITEM_ID, REQUEST_QUANTITY, APPROVED_QUANTITY, REJECT_REASON, MATERIAL_NAME_SNAPSHOT, SUPPLY_PRICE_SNAPSHOT, MATERIAL_ID, PURCHASE_ORDER_ID) VALUES
    (9, 10, 0, NULL, '마요네즈', 3100, 10, 4);
INSERT INTO PURCHASE_ORDER_ITEMS (PURCHASE_ORDER_ITEM_ID, REQUEST_QUANTITY, APPROVED_QUANTITY, REJECT_REASON, MATERIAL_NAME_SNAPSHOT, SUPPLY_PRICE_SNAPSHOT, MATERIAL_ID, PURCHASE_ORDER_ID) VALUES
    (10, 5, 0, NULL, '콜라시럽', 4000, 13, 4);
INSERT INTO PURCHASE_ORDER_HISTORIES (PURCHASE_ORDER_HISTORY_ID, TO_STATUS, REASON, CREATED_AT, CREATED_BY, PURCHASE_ORDER_ID) VALUES
    (9, 'REQUESTED', '점주가 소스와 음료 원재료를 추가 요청함', TRUNC(DATE '2026-06-17', 'IW') + (14 / 24), 2, 4);

-- 5. 강남점 PARTIALLY_APPROVED
INSERT INTO PURCHASE_ORDERS (PURCHASE_ORDER_ID, TOTAL_AMOUNT, ORDER_MEMO, STATUS, CREATED_AT, UPDATED_AT, STORE_ID) VALUES
    (5, 129000, '행사 전 육류와 채소 여유분 확보 요청', 'PARTIALLY_APPROVED', TRUNC(DATE '2026-06-17', 'IW') - 5 + (16 / 24), TRUNC(DATE '2026-06-17', 'IW') - 4 + (12 / 24), 1);
INSERT INTO PURCHASE_ORDER_ITEMS (PURCHASE_ORDER_ITEM_ID, REQUEST_QUANTITY, APPROVED_QUANTITY, REJECT_REASON, MATERIAL_NAME_SNAPSHOT, SUPPLY_PRICE_SNAPSHOT, MATERIAL_ID, PURCHASE_ORDER_ID) VALUES
    (11, 18, 12, '본사 재고 사정으로 일부 수량만 승인되었습니다.', '비프패티', 3500, 2, 5);
INSERT INTO PURCHASE_ORDER_ITEMS (PURCHASE_ORDER_ITEM_ID, REQUEST_QUANTITY, APPROVED_QUANTITY, REJECT_REASON, MATERIAL_NAME_SNAPSHOT, SUPPLY_PRICE_SNAPSHOT, MATERIAL_ID, PURCHASE_ORDER_ID) VALUES
    (12, 10, 8, '점포별 배분 기준에 따라 일부만 승인되었습니다.', '토마토', 900, 5, 5);
INSERT INTO PURCHASE_ORDER_ITEMS (PURCHASE_ORDER_ITEM_ID, REQUEST_QUANTITY, APPROVED_QUANTITY, REJECT_REASON, MATERIAL_NAME_SNAPSHOT, SUPPLY_PRICE_SNAPSHOT, MATERIAL_ID, PURCHASE_ORDER_ID) VALUES
    (13, 15, 0, '베이컨은 행사 점포 우선 배정으로 제외되었습니다.', '베이컨', 3800, 8, 5);
INSERT INTO PURCHASE_ORDER_HISTORIES (PURCHASE_ORDER_HISTORY_ID, TO_STATUS, REASON, CREATED_AT, CREATED_BY, PURCHASE_ORDER_ID) VALUES
    (10, 'REQUESTED', '행사 전 육류와 채소 재고를 넉넉히 확보하려고 추가 발주함', TRUNC(DATE '2026-06-17', 'IW') - 5 + (16 / 24), 2, 5);
INSERT INTO PURCHASE_ORDER_HISTORIES (PURCHASE_ORDER_HISTORY_ID, TO_STATUS, REASON, CREATED_AT, CREATED_BY, PURCHASE_ORDER_ID) VALUES
    (11, 'PARTIALLY_APPROVED', '육류와 채소는 일부만, 베이컨은 미승인 처리함', TRUNC(DATE '2026-06-17', 'IW') - 4 + (12 / 24), 1, 5);

-- 6. 강남점 APPROVED
INSERT INTO PURCHASE_ORDERS (PURCHASE_ORDER_ID, TOTAL_AMOUNT, ORDER_MEMO, STATUS, CREATED_AT, UPDATED_AT, STORE_ID) VALUES
    (6, 92000, '금요일 주말 판매분과 안전재고를 함께 반영한 발주', 'APPROVED', TRUNC(DATE '2026-06-17', 'IW') - 3 + (11 / 24), TRUNC(DATE '2026-06-17', 'IW') - 2 + (16 / 24), 1);
INSERT INTO PURCHASE_ORDER_ITEMS (PURCHASE_ORDER_ITEM_ID, REQUEST_QUANTITY, APPROVED_QUANTITY, REJECT_REASON, MATERIAL_NAME_SNAPSHOT, SUPPLY_PRICE_SNAPSHOT, MATERIAL_ID, PURCHASE_ORDER_ID) VALUES
    (14, 35, 35, NULL, '참깨번', 1200, 1, 6);
INSERT INTO PURCHASE_ORDER_ITEMS (PURCHASE_ORDER_ITEM_ID, REQUEST_QUANTITY, APPROVED_QUANTITY, REJECT_REASON, MATERIAL_NAME_SNAPSHOT, SUPPLY_PRICE_SNAPSHOT, MATERIAL_ID, PURCHASE_ORDER_ID) VALUES
    (15, 20, 20, NULL, '체다치즈', 1800, 3, 6);
INSERT INTO PURCHASE_ORDER_ITEMS (PURCHASE_ORDER_ITEM_ID, REQUEST_QUANTITY, APPROVED_QUANTITY, REJECT_REASON, MATERIAL_NAME_SNAPSHOT, SUPPLY_PRICE_SNAPSHOT, MATERIAL_ID, PURCHASE_ORDER_ID) VALUES
    (16, 20, 20, NULL, '양파', 700, 6, 6);
INSERT INTO PURCHASE_ORDER_HISTORIES (PURCHASE_ORDER_HISTORY_ID, TO_STATUS, REASON, CREATED_AT, CREATED_BY, PURCHASE_ORDER_ID) VALUES
    (12, 'REQUESTED', '주말 판매량을 고려해 금요일에 여유 수량까지 함께 요청함', TRUNC(DATE '2026-06-17', 'IW') - 3 + (11 / 24), 2, 6);
INSERT INTO PURCHASE_ORDER_HISTORIES (PURCHASE_ORDER_HISTORY_ID, TO_STATUS, REASON, CREATED_AT, CREATED_BY, PURCHASE_ORDER_ID) VALUES
    (13, 'APPROVED', '판매량 예측 근거가 명확해 전량 승인함', TRUNC(DATE '2026-06-17', 'IW') - 2 + (16 / 24), 1, 6);

-- 7. 강남점 APPROVED
INSERT INTO PURCHASE_ORDERS (PURCHASE_ORDER_ID, TOTAL_AMOUNT, ORDER_MEMO, STATUS, CREATED_AT, UPDATED_AT, STORE_ID) VALUES
    (7, 72000, '패티와 토마토 긴급 보충 요청', 'APPROVED', TRUNC(DATE '2026-06-17', 'IW') + (9 / 24), TRUNC(DATE '2026-06-17') + (11 / 24), 1);
INSERT INTO PURCHASE_ORDER_ITEMS (PURCHASE_ORDER_ITEM_ID, REQUEST_QUANTITY, APPROVED_QUANTITY, REJECT_REASON, MATERIAL_NAME_SNAPSHOT, SUPPLY_PRICE_SNAPSHOT, MATERIAL_ID, PURCHASE_ORDER_ID) VALUES
    (17, 18, 18, NULL, '비프패티', 3500, 2, 7);
INSERT INTO PURCHASE_ORDER_ITEMS (PURCHASE_ORDER_ITEM_ID, REQUEST_QUANTITY, APPROVED_QUANTITY, REJECT_REASON, MATERIAL_NAME_SNAPSHOT, SUPPLY_PRICE_SNAPSHOT, MATERIAL_ID, PURCHASE_ORDER_ID) VALUES
    (18, 10, 10, NULL, '토마토', 900, 5, 7);
INSERT INTO PURCHASE_ORDER_HISTORIES (PURCHASE_ORDER_HISTORY_ID, TO_STATUS, REASON, CREATED_AT, CREATED_BY, PURCHASE_ORDER_ID) VALUES
    (14, 'REQUESTED', '부족 재고 알림을 확인하고 패티와 토마토를 긴급 요청함', TRUNC(DATE '2026-06-17', 'IW') + (9 / 24), 2, 7);
INSERT INTO PURCHASE_ORDER_HISTORIES (PURCHASE_ORDER_HISTORY_ID, TO_STATUS, REASON, CREATED_AT, CREATED_BY, PURCHASE_ORDER_ID) VALUES
    (15, 'APPROVED', '긴급 보충 대상으로 즉시 승인함', TRUNC(DATE '2026-06-17') + (11 / 24), 1, 7);

-- 8. 강남점 CANCELED
INSERT INTO PURCHASE_ORDERS (PURCHASE_ORDER_ID, TOTAL_AMOUNT, ORDER_MEMO, STATUS, CREATED_AT, UPDATED_AT, STORE_ID) VALUES
    (8, 39800, '수량 오입력 건 취소 요청', 'CANCELED', TRUNC(DATE '2026-06-17', 'IW') - 7 + (13 / 24), TRUNC(DATE '2026-06-17', 'IW') - 7 + (14 / 24), 1);
INSERT INTO PURCHASE_ORDER_ITEMS (PURCHASE_ORDER_ITEM_ID, REQUEST_QUANTITY, APPROVED_QUANTITY, REJECT_REASON, MATERIAL_NAME_SNAPSHOT, SUPPLY_PRICE_SNAPSHOT, MATERIAL_ID, PURCHASE_ORDER_ID) VALUES
    (19, 30, 0, NULL, '피클', 500, 7, 8);
INSERT INTO PURCHASE_ORDER_ITEMS (PURCHASE_ORDER_ITEM_ID, REQUEST_QUANTITY, APPROVED_QUANTITY, REJECT_REASON, MATERIAL_NAME_SNAPSHOT, SUPPLY_PRICE_SNAPSHOT, MATERIAL_ID, PURCHASE_ORDER_ID) VALUES
    (20, 8, 0, NULL, '마요네즈', 3100, 10, 8);
INSERT INTO PURCHASE_ORDER_HISTORIES (PURCHASE_ORDER_HISTORY_ID, TO_STATUS, REASON, CREATED_AT, CREATED_BY, PURCHASE_ORDER_ID) VALUES
    (16, 'REQUESTED', '점주가 수량을 잘못 입력한 상태로 저장함', TRUNC(DATE '2026-06-17', 'IW') - 7 + (13 / 24), 2, 8);
INSERT INTO PURCHASE_ORDER_HISTORIES (PURCHASE_ORDER_HISTORY_ID, TO_STATUS, REASON, CREATED_AT, CREATED_BY, PURCHASE_ORDER_ID) VALUES
    (17, 'CANCELED', '점주가 오입력을 확인하고 즉시 취소함', TRUNC(DATE '2026-06-17', 'IW') - 7 + (14 / 24), 2, 8);

-- 9. 동대문점 CANCELED
INSERT INTO PURCHASE_ORDERS (PURCHASE_ORDER_ID, TOTAL_AMOUNT, ORDER_MEMO, STATUS, CREATED_AT, UPDATED_AT, STORE_ID) VALUES
    (9, 36000, '주문 중복 작성으로 취소 처리', 'CANCELED', TRUNC(DATE '2026-06-17', 'IW') - 3 + (10 / 24), TRUNC(DATE '2026-06-17', 'IW') - 3 + (11 / 24), 2);
INSERT INTO PURCHASE_ORDER_ITEMS (PURCHASE_ORDER_ITEM_ID, REQUEST_QUANTITY, APPROVED_QUANTITY, REJECT_REASON, MATERIAL_NAME_SNAPSHOT, SUPPLY_PRICE_SNAPSHOT, MATERIAL_ID, PURCHASE_ORDER_ID) VALUES
    (21, 20, 0, NULL, '토마토', 900, 5, 9);
INSERT INTO PURCHASE_ORDER_ITEMS (PURCHASE_ORDER_ITEM_ID, REQUEST_QUANTITY, APPROVED_QUANTITY, REJECT_REASON, MATERIAL_NAME_SNAPSHOT, SUPPLY_PRICE_SNAPSHOT, MATERIAL_ID, PURCHASE_ORDER_ID) VALUES
    (22, 15, 0, NULL, '포장지', 1200, 14, 9);
INSERT INTO PURCHASE_ORDER_HISTORIES (PURCHASE_ORDER_HISTORY_ID, TO_STATUS, REASON, CREATED_AT, CREATED_BY, PURCHASE_ORDER_ID) VALUES
    (18, 'REQUESTED', '정상 발주 전에 중복 전표가 먼저 생성됨', TRUNC(DATE '2026-06-17', 'IW') - 3 + (10 / 24), 3, 9);
INSERT INTO PURCHASE_ORDER_HISTORIES (PURCHASE_ORDER_HISTORY_ID, TO_STATUS, REASON, CREATED_AT, CREATED_BY, PURCHASE_ORDER_ID) VALUES
    (19, 'CANCELED', '중복 전표로 판단되어 취소 처리함', TRUNC(DATE '2026-06-17', 'IW') - 3 + (11 / 24), 3, 9);

-- 10. 동대문점 RECEIVED
INSERT INTO PURCHASE_ORDERS (PURCHASE_ORDER_ID, TOTAL_AMOUNT, ORDER_MEMO, STATUS, CREATED_AT, UPDATED_AT, STORE_ID) VALUES
    (10, 88200, '주간 사용량 반영 정기 보충 발주', 'RECEIVED', TRUNC(DATE '2026-06-17', 'IW') - 7 + (9 / 24), TRUNC(DATE '2026-06-17', 'IW') - 5 + (15 / 24), 2);
INSERT INTO PURCHASE_ORDER_ITEMS (PURCHASE_ORDER_ITEM_ID, REQUEST_QUANTITY, APPROVED_QUANTITY, REJECT_REASON, MATERIAL_NAME_SNAPSHOT, SUPPLY_PRICE_SNAPSHOT, MATERIAL_ID, PURCHASE_ORDER_ID) VALUES
    (23, 20, 20, NULL, '참깨번', 1200, 1, 10);
INSERT INTO PURCHASE_ORDER_ITEMS (PURCHASE_ORDER_ITEM_ID, REQUEST_QUANTITY, APPROVED_QUANTITY, REJECT_REASON, MATERIAL_NAME_SNAPSHOT, SUPPLY_PRICE_SNAPSHOT, MATERIAL_ID, PURCHASE_ORDER_ID) VALUES
    (24, 15, 15, NULL, '체다치즈', 1800, 3, 10);
INSERT INTO PURCHASE_ORDER_ITEMS (PURCHASE_ORDER_ITEM_ID, REQUEST_QUANTITY, APPROVED_QUANTITY, REJECT_REASON, MATERIAL_NAME_SNAPSHOT, SUPPLY_PRICE_SNAPSHOT, MATERIAL_ID, PURCHASE_ORDER_ID) VALUES
    (25, 12, 12, NULL, '마요네즈', 3100, 10, 10);
INSERT INTO PURCHASE_ORDER_HISTORIES (PURCHASE_ORDER_HISTORY_ID, TO_STATUS, REASON, CREATED_AT, CREATED_BY, PURCHASE_ORDER_ID) VALUES
    (20, 'REQUESTED', '동대문점이 주간 판매량 기준으로 보충 발주함', TRUNC(DATE '2026-06-17', 'IW') - 7 + (9 / 24), 3, 10);
INSERT INTO PURCHASE_ORDER_HISTORIES (PURCHASE_ORDER_HISTORY_ID, TO_STATUS, REASON, CREATED_AT, CREATED_BY, PURCHASE_ORDER_ID) VALUES
    (21, 'APPROVED', '정기 보충 물량으로 확인되어 전량 승인함', TRUNC(DATE '2026-06-17', 'IW') - 6 + (13 / 24), 1, 10);
INSERT INTO PURCHASE_ORDER_HISTORIES (PURCHASE_ORDER_HISTORY_ID, TO_STATUS, REASON, CREATED_AT, CREATED_BY, PURCHASE_ORDER_ID) VALUES
    (22, 'RECEIVED', '동대문점에서 검수 후 입고 완료함', TRUNC(DATE '2026-06-17', 'IW') - 5 + (15 / 24), 3, 10);

-- 11. 동대문점 APPROVED
INSERT INTO PURCHASE_ORDERS (PURCHASE_ORDER_ID, TOTAL_AMOUNT, ORDER_MEMO, STATUS, CREATED_AT, UPDATED_AT, STORE_ID) VALUES
    (11, 55000, '금요일 주문으로 주말 음료와 부재료 재고를 넉넉히 확보', 'APPROVED', TRUNC(DATE '2026-06-17', 'IW') - 3 + (10 / 24), TRUNC(DATE '2026-06-17', 'IW') - 2 + (17 / 24), 2);
INSERT INTO PURCHASE_ORDER_ITEMS (PURCHASE_ORDER_ITEM_ID, REQUEST_QUANTITY, APPROVED_QUANTITY, REJECT_REASON, MATERIAL_NAME_SNAPSHOT, SUPPLY_PRICE_SNAPSHOT, MATERIAL_ID, PURCHASE_ORDER_ID) VALUES
    (26, 10, 10, NULL, '콜라시럽', 4000, 13, 11);
INSERT INTO PURCHASE_ORDER_ITEMS (PURCHASE_ORDER_ITEM_ID, REQUEST_QUANTITY, APPROVED_QUANTITY, REJECT_REASON, MATERIAL_NAME_SNAPSHOT, SUPPLY_PRICE_SNAPSHOT, MATERIAL_ID, PURCHASE_ORDER_ID) VALUES
    (27, 30, 30, NULL, '피클', 500, 7, 11);
INSERT INTO PURCHASE_ORDER_HISTORIES (PURCHASE_ORDER_HISTORY_ID, TO_STATUS, REASON, CREATED_AT, CREATED_BY, PURCHASE_ORDER_ID) VALUES
    (23, 'REQUESTED', '금요일 발주로 주말 판매량까지 버틸 수 있게 넉넉히 요청함', TRUNC(DATE '2026-06-17', 'IW') - 3 + (10 / 24), 3, 11);
INSERT INTO PURCHASE_ORDER_HISTORIES (PURCHASE_ORDER_HISTORY_ID, TO_STATUS, REASON, CREATED_AT, CREATED_BY, PURCHASE_ORDER_ID) VALUES
    (24, 'APPROVED', '정상 재고 운영 계획에 맞춰 승인함', TRUNC(DATE '2026-06-17', 'IW') - 2 + (17 / 24), 1, 11);

-- 12. 동대문점 REQUESTED
INSERT INTO PURCHASE_ORDERS (PURCHASE_ORDER_ID, TOTAL_AMOUNT, ORDER_MEMO, STATUS, CREATED_AT, UPDATED_AT, STORE_ID) VALUES
    (12, 52500, '채소류 부족분 보충 요청', 'REQUESTED', TRUNC(DATE '2026-06-17', 'IW') + (15 / 24), NULL, 2);
INSERT INTO PURCHASE_ORDER_ITEMS (PURCHASE_ORDER_ITEM_ID, REQUEST_QUANTITY, APPROVED_QUANTITY, REJECT_REASON, MATERIAL_NAME_SNAPSHOT, SUPPLY_PRICE_SNAPSHOT, MATERIAL_ID, PURCHASE_ORDER_ID) VALUES
    (28, 15, 0, NULL, '양상추', 1600, 4, 12);
INSERT INTO PURCHASE_ORDER_ITEMS (PURCHASE_ORDER_ITEM_ID, REQUEST_QUANTITY, APPROVED_QUANTITY, REJECT_REASON, MATERIAL_NAME_SNAPSHOT, SUPPLY_PRICE_SNAPSHOT, MATERIAL_ID, PURCHASE_ORDER_ID) VALUES
    (29, 15, 0, NULL, '토마토', 900, 5, 12);
INSERT INTO PURCHASE_ORDER_ITEMS (PURCHASE_ORDER_ITEM_ID, REQUEST_QUANTITY, APPROVED_QUANTITY, REJECT_REASON, MATERIAL_NAME_SNAPSHOT, SUPPLY_PRICE_SNAPSHOT, MATERIAL_ID, PURCHASE_ORDER_ID) VALUES
    (30, 6, 0, NULL, '케첩', 2500, 12, 12);
INSERT INTO PURCHASE_ORDER_HISTORIES (PURCHASE_ORDER_HISTORY_ID, TO_STATUS, REASON, CREATED_AT, CREATED_BY, PURCHASE_ORDER_ID) VALUES
    (25, 'REQUESTED', '양상추 소진 속도가 빨라 채소류 보충을 요청함', TRUNC(DATE '2026-06-17', 'IW') + (15 / 24), 3, 12);

-- 13. 종로점 PARTIALLY_APPROVED
INSERT INTO PURCHASE_ORDERS (PURCHASE_ORDER_ID, TOTAL_AMOUNT, ORDER_MEMO, STATUS, CREATED_AT, UPDATED_AT, STORE_ID) VALUES
    (13, 149500, '행사 대응용 발주이나 과다 신청 포함', 'PARTIALLY_APPROVED', TRUNC(DATE '2026-06-17', 'IW') - 5 + (14 / 24), TRUNC(DATE '2026-06-17', 'IW') - 4 + (18 / 24), 3);
INSERT INTO PURCHASE_ORDER_ITEMS (PURCHASE_ORDER_ITEM_ID, REQUEST_QUANTITY, APPROVED_QUANTITY, REJECT_REASON, MATERIAL_NAME_SNAPSHOT, SUPPLY_PRICE_SNAPSHOT, MATERIAL_ID, PURCHASE_ORDER_ID) VALUES
    (31, 25, 18, '비프패티 가용 재고 부족으로 일부만 승인되었습니다.', '비프패티', 3500, 2, 13);
INSERT INTO PURCHASE_ORDER_ITEMS (PURCHASE_ORDER_ITEM_ID, REQUEST_QUANTITY, APPROVED_QUANTITY, REJECT_REASON, MATERIAL_NAME_SNAPSHOT, SUPPLY_PRICE_SNAPSHOT, MATERIAL_ID, PURCHASE_ORDER_ID) VALUES
    (32, 20, 12, '감자튀김 배분량을 줄여 일부만 승인했습니다.', '감자튀김', 1600, 11, 13);
INSERT INTO PURCHASE_ORDER_ITEMS (PURCHASE_ORDER_ITEM_ID, REQUEST_QUANTITY, APPROVED_QUANTITY, REJECT_REASON, MATERIAL_NAME_SNAPSHOT, SUPPLY_PRICE_SNAPSHOT, MATERIAL_ID, PURCHASE_ORDER_ID) VALUES
    (33, 25, 15, '포장지 공급량 조정으로 일부만 승인되었습니다.', '포장지', 1200, 14, 13);
INSERT INTO PURCHASE_ORDER_HISTORIES (PURCHASE_ORDER_HISTORY_ID, TO_STATUS, REASON, CREATED_AT, CREATED_BY, PURCHASE_ORDER_ID) VALUES
    (26, 'REQUESTED', '종로점이 부족 재고와 행사 준비를 이유로 대량 요청함', TRUNC(DATE '2026-06-17', 'IW') - 5 + (14 / 24), 4, 13);
INSERT INTO PURCHASE_ORDER_HISTORIES (PURCHASE_ORDER_HISTORY_ID, TO_STATUS, REASON, CREATED_AT, CREATED_BY, PURCHASE_ORDER_ID) VALUES
    (27, 'PARTIALLY_APPROVED', '재고와 배분 기준에 따라 일부 수량만 승인함', TRUNC(DATE '2026-06-17', 'IW') - 4 + (18 / 24), 1, 13);

-- 14. 종로점 RECEIVED
INSERT INTO PURCHASE_ORDERS (PURCHASE_ORDER_ID, TOTAL_AMOUNT, ORDER_MEMO, STATUS, CREATED_AT, UPDATED_AT, STORE_ID) VALUES
    (14, 124000, '금요일 전 부족 자재를 넉넉히 보충하는 긴급 발주', 'RECEIVED', TRUNC(DATE '2026-06-17', 'IW') - 10 + (10 / 24), TRUNC(DATE '2026-06-17', 'IW') - 7 + (11 / 24), 3);
INSERT INTO PURCHASE_ORDER_ITEMS (PURCHASE_ORDER_ITEM_ID, REQUEST_QUANTITY, APPROVED_QUANTITY, REJECT_REASON, MATERIAL_NAME_SNAPSHOT, SUPPLY_PRICE_SNAPSHOT, MATERIAL_ID, PURCHASE_ORDER_ID) VALUES
    (34, 20, 20, NULL, '비프패티', 3500, 2, 14);
INSERT INTO PURCHASE_ORDER_ITEMS (PURCHASE_ORDER_ITEM_ID, REQUEST_QUANTITY, APPROVED_QUANTITY, REJECT_REASON, MATERIAL_NAME_SNAPSHOT, SUPPLY_PRICE_SNAPSHOT, MATERIAL_ID, PURCHASE_ORDER_ID) VALUES
    (35, 15, 15, NULL, '감자튀김', 1600, 11, 14);
INSERT INTO PURCHASE_ORDER_ITEMS (PURCHASE_ORDER_ITEM_ID, REQUEST_QUANTITY, APPROVED_QUANTITY, REJECT_REASON, MATERIAL_NAME_SNAPSHOT, SUPPLY_PRICE_SNAPSHOT, MATERIAL_ID, PURCHASE_ORDER_ID) VALUES
    (36, 25, 25, NULL, '포장지', 1200, 14, 14);
INSERT INTO PURCHASE_ORDER_HISTORIES (PURCHASE_ORDER_HISTORY_ID, TO_STATUS, REASON, CREATED_AT, CREATED_BY, PURCHASE_ORDER_ID) VALUES
    (28, 'REQUESTED', '주말 전 품절 우려가 있는 자재를 넉넉히 확보하려고 긴급 발주함', TRUNC(DATE '2026-06-17', 'IW') - 10 + (10 / 24), 4, 14);
INSERT INTO PURCHASE_ORDER_HISTORIES (PURCHASE_ORDER_HISTORY_ID, TO_STATUS, REASON, CREATED_AT, CREATED_BY, PURCHASE_ORDER_ID) VALUES
    (29, 'APPROVED', '긴급 부족 재고 대상으로 우선 승인함', TRUNC(DATE '2026-06-17', 'IW') - 9 + (10 / 24), 1, 14);
INSERT INTO PURCHASE_ORDER_HISTORIES (PURCHASE_ORDER_HISTORY_ID, TO_STATUS, REASON, CREATED_AT, CREATED_BY, PURCHASE_ORDER_ID) VALUES
    (30, 'RECEIVED', '종로점에서 일부 불량 포함 상태로 입고 완료함', TRUNC(DATE '2026-06-17', 'IW') - 7 + (11 / 24), 4, 14);

-- 15. 종로점 REJECTED
INSERT INTO PURCHASE_ORDERS (PURCHASE_ORDER_ID, TOTAL_AMOUNT, ORDER_MEMO, STATUS, CREATED_AT, UPDATED_AT, STORE_ID) VALUES
    (15, 75000, '승인 기준을 넘는 고가 자재 요청', 'REJECTED', TRUNC(DATE '2026-06-17', 'IW') - 3 + (11 / 24), TRUNC(DATE '2026-06-17', 'IW') - 3 + (16 / 24), 3);
INSERT INTO PURCHASE_ORDER_ITEMS (PURCHASE_ORDER_ITEM_ID, REQUEST_QUANTITY, APPROVED_QUANTITY, REJECT_REASON, MATERIAL_NAME_SNAPSHOT, SUPPLY_PRICE_SNAPSHOT, MATERIAL_ID, PURCHASE_ORDER_ID) VALUES
    (37, 15, 0, '고가 부재료는 현재 우선순위가 낮아 반려되었습니다.', '베이컨', 3800, 8, 15);
INSERT INTO PURCHASE_ORDER_ITEMS (PURCHASE_ORDER_ITEM_ID, REQUEST_QUANTITY, APPROVED_QUANTITY, REJECT_REASON, MATERIAL_NAME_SNAPSHOT, SUPPLY_PRICE_SNAPSHOT, MATERIAL_ID, PURCHASE_ORDER_ID) VALUES
    (38, 20, 0, '대체 가능 재고가 있어 이번 회차에는 반려합니다.', '계란', 900, 9, 15);
INSERT INTO PURCHASE_ORDER_HISTORIES (PURCHASE_ORDER_HISTORY_ID, TO_STATUS, REASON, CREATED_AT, CREATED_BY, PURCHASE_ORDER_ID) VALUES
    (31, 'REQUESTED', '종로점이 고가 자재 위주 발주를 요청함', TRUNC(DATE '2026-06-17', 'IW') - 3 + (11 / 24), 4, 15);
INSERT INTO PURCHASE_ORDER_HISTORIES (PURCHASE_ORDER_HISTORY_ID, TO_STATUS, REASON, CREATED_AT, CREATED_BY, PURCHASE_ORDER_ID) VALUES
    (32, 'REJECTED', '긴급 우선순위가 낮아 반려 처리함', TRUNC(DATE '2026-06-17', 'IW') - 3 + (16 / 24), 1, 15);

-- 16. 종로점 REQUESTED
INSERT INTO PURCHASE_ORDERS (PURCHASE_ORDER_ID, TOTAL_AMOUNT, ORDER_MEMO, STATUS, CREATED_AT, UPDATED_AT, STORE_ID) VALUES
    (16, 92200, '양상추, 베이컨, 감자튀김 긴급 보충 요청', 'REQUESTED', TRUNC(DATE '2026-06-17', 'IW') + (15 / 24), NULL, 3);
INSERT INTO PURCHASE_ORDER_ITEMS (PURCHASE_ORDER_ITEM_ID, REQUEST_QUANTITY, APPROVED_QUANTITY, REJECT_REASON, MATERIAL_NAME_SNAPSHOT, SUPPLY_PRICE_SNAPSHOT, MATERIAL_ID, PURCHASE_ORDER_ID) VALUES
    (39, 12, 0, NULL, '양상추', 1600, 4, 16);
INSERT INTO PURCHASE_ORDER_ITEMS (PURCHASE_ORDER_ITEM_ID, REQUEST_QUANTITY, APPROVED_QUANTITY, REJECT_REASON, MATERIAL_NAME_SNAPSHOT, SUPPLY_PRICE_SNAPSHOT, MATERIAL_ID, PURCHASE_ORDER_ID) VALUES
    (40, 15, 0, NULL, '베이컨', 3800, 8, 16);
INSERT INTO PURCHASE_ORDER_ITEMS (PURCHASE_ORDER_ITEM_ID, REQUEST_QUANTITY, APPROVED_QUANTITY, REJECT_REASON, MATERIAL_NAME_SNAPSHOT, SUPPLY_PRICE_SNAPSHOT, MATERIAL_ID, PURCHASE_ORDER_ID) VALUES
    (41, 10, 0, NULL, '감자튀김', 1600, 11, 16);
INSERT INTO PURCHASE_ORDER_HISTORIES (PURCHASE_ORDER_HISTORY_ID, TO_STATUS, REASON, CREATED_AT, CREATED_BY, PURCHASE_ORDER_ID) VALUES
    (33, 'REQUESTED', '양상추, 베이컨, 감자튀김 재고가 빠르게 줄어 긴급 발주를 요청함', TRUNC(DATE '2026-06-17', 'IW') + (15 / 24), 4, 16);
