-- =========================================================
-- 20_seed_purchase.sql
-- 역할:
--   - 발주 시나리오 데이터 시딩
-- 포함 범위:
--   - PURCHASE_ORDERS
--   - PURCHASE_ORDER_ITEMS
--   - PURCHASE_ORDER_HISTORIES
-- 상태 구성:
--   - REQUESTED
--   - APPROVED
--   - PARTIALLY_APPROVED
--   - REJECTED
--   - CANCELED
--   - RECEIVED
-- =========================================================

INSERT INTO PURCHASE_ORDERS (PURCHASE_ORDER_ID, TOTAL_AMOUNT, ORDER_MEMO, STATUS, CREATED_AT, UPDATED_AT, STORE_ID) VALUES
    (1, 178000, '주말 판매량 증가 예상으로 기본 자재 발주 요청합니다.', 'REQUESTED', SYSDATE - 10, NULL, 1);
INSERT INTO PURCHASE_ORDER_ITEMS (PURCHASE_ORDER_ITEM_ID, REQUEST_QUANTITY, APPROVED_QUANTITY, REJECT_REASON, MATERIAL_NAME_SNAPSHOT, SUPPLY_PRICE_SNAPSHOT, MATERIAL_ID, PURCHASE_ORDER_ID) VALUES
    (1, 30, 0, NULL, '참깨번', 1200, 1, 1);
INSERT INTO PURCHASE_ORDER_ITEMS (PURCHASE_ORDER_ITEM_ID, REQUEST_QUANTITY, APPROVED_QUANTITY, REJECT_REASON, MATERIAL_NAME_SNAPSHOT, SUPPLY_PRICE_SNAPSHOT, MATERIAL_ID, PURCHASE_ORDER_ID) VALUES
    (2, 20, 0, NULL, '비프패티', 3500, 2, 1);
INSERT INTO PURCHASE_ORDER_ITEMS (PURCHASE_ORDER_ITEM_ID, REQUEST_QUANTITY, APPROVED_QUANTITY, REJECT_REASON, MATERIAL_NAME_SNAPSHOT, SUPPLY_PRICE_SNAPSHOT, MATERIAL_ID, PURCHASE_ORDER_ID) VALUES
    (3, 40, 0, NULL, '체다치즈', 1800, 3, 1);
INSERT INTO PURCHASE_ORDER_HISTORIES (PURCHASE_ORDER_HISTORY_ID, TO_STATUS, REASON, CREATED_AT, CREATED_BY, PURCHASE_ORDER_ID) VALUES
    (1, 'REQUESTED', '점주 발주 요청', SYSDATE - 10, 2, 1);

INSERT INTO PURCHASE_ORDERS (PURCHASE_ORDER_ID, TOTAL_AMOUNT, ORDER_MEMO, STATUS, CREATED_AT, UPDATED_AT, STORE_ID) VALUES
    (2, 118000, '평일 판매분 보충 발주입니다.', 'APPROVED', SYSDATE - 9, SYSDATE - 8, 2);
INSERT INTO PURCHASE_ORDER_ITEMS (PURCHASE_ORDER_ITEM_ID, REQUEST_QUANTITY, APPROVED_QUANTITY, REJECT_REASON, MATERIAL_NAME_SNAPSHOT, SUPPLY_PRICE_SNAPSHOT, MATERIAL_ID, PURCHASE_ORDER_ID) VALUES
    (4, 20, 20, NULL, '참깨번', 1200, 1, 2);
INSERT INTO PURCHASE_ORDER_ITEMS (PURCHASE_ORDER_ITEM_ID, REQUEST_QUANTITY, APPROVED_QUANTITY, REJECT_REASON, MATERIAL_NAME_SNAPSHOT, SUPPLY_PRICE_SNAPSHOT, MATERIAL_ID, PURCHASE_ORDER_ID) VALUES
    (5, 20, 20, NULL, '비프패티', 3500, 2, 2);
INSERT INTO PURCHASE_ORDER_ITEMS (PURCHASE_ORDER_ITEM_ID, REQUEST_QUANTITY, APPROVED_QUANTITY, REJECT_REASON, MATERIAL_NAME_SNAPSHOT, SUPPLY_PRICE_SNAPSHOT, MATERIAL_ID, PURCHASE_ORDER_ID) VALUES
    (6, 15, 15, NULL, '양상추', 1600, 4, 2);
INSERT INTO PURCHASE_ORDER_HISTORIES (PURCHASE_ORDER_HISTORY_ID, TO_STATUS, REASON, CREATED_AT, CREATED_BY, PURCHASE_ORDER_ID) VALUES
    (2, 'REQUESTED', '점주 발주 요청', SYSDATE - 9, 3, 2);
INSERT INTO PURCHASE_ORDER_HISTORIES (PURCHASE_ORDER_HISTORY_ID, TO_STATUS, REASON, CREATED_AT, CREATED_BY, PURCHASE_ORDER_ID) VALUES
    (3, 'APPROVED', '요청 수량 전체 승인', SYSDATE - 8, 1, 2);

INSERT INTO PURCHASE_ORDERS (PURCHASE_ORDER_ID, TOTAL_AMOUNT, ORDER_MEMO, STATUS, CREATED_AT, UPDATED_AT, STORE_ID) VALUES
    (3, 264000, '행사 기간 대비 추가 발주 요청합니다.', 'PARTIALLY_APPROVED', SYSDATE - 8, SYSDATE - 7, 3);
INSERT INTO PURCHASE_ORDER_ITEMS (PURCHASE_ORDER_ITEM_ID, REQUEST_QUANTITY, APPROVED_QUANTITY, REJECT_REASON, MATERIAL_NAME_SNAPSHOT, SUPPLY_PRICE_SNAPSHOT, MATERIAL_ID, PURCHASE_ORDER_ID) VALUES
    (7, 40, 40, NULL, '참깨번', 1200, 1, 3);
INSERT INTO PURCHASE_ORDER_ITEMS (PURCHASE_ORDER_ITEM_ID, REQUEST_QUANTITY, APPROVED_QUANTITY, REJECT_REASON, MATERIAL_NAME_SNAPSHOT, SUPPLY_PRICE_SNAPSHOT, MATERIAL_ID, PURCHASE_ORDER_ID) VALUES
    (8, 40, 30, '본사 보유 재고 부족으로 일부 수량만 승인', '비프패티', 3500, 2, 3);
INSERT INTO PURCHASE_ORDER_ITEMS (PURCHASE_ORDER_ITEM_ID, REQUEST_QUANTITY, APPROVED_QUANTITY, REJECT_REASON, MATERIAL_NAME_SNAPSHOT, SUPPLY_PRICE_SNAPSHOT, MATERIAL_ID, PURCHASE_ORDER_ID) VALUES
    (9, 20, 0, '행사 자재 우선 배정으로 승인 불가', '베이컨', 3800, 8, 3);
INSERT INTO PURCHASE_ORDER_HISTORIES (PURCHASE_ORDER_HISTORY_ID, TO_STATUS, REASON, CREATED_AT, CREATED_BY, PURCHASE_ORDER_ID) VALUES
    (4, 'REQUESTED', '점주 발주 요청', SYSDATE - 8, 4, 3);
INSERT INTO PURCHASE_ORDER_HISTORIES (PURCHASE_ORDER_HISTORY_ID, TO_STATUS, REASON, CREATED_AT, CREATED_BY, PURCHASE_ORDER_ID) VALUES
    (5, 'PARTIALLY_APPROVED', '일부 품목 수량 조정 승인', SYSDATE - 7, 1, 3);

INSERT INTO PURCHASE_ORDERS (PURCHASE_ORDER_ID, TOTAL_AMOUNT, ORDER_MEMO, STATUS, CREATED_AT, UPDATED_AT, STORE_ID) VALUES
    (4, 327000, '신규 메뉴 테스트를 위한 대량 발주 요청입니다.', 'REJECTED', SYSDATE - 7, SYSDATE - 6, 1);
INSERT INTO PURCHASE_ORDER_ITEMS (PURCHASE_ORDER_ITEM_ID, REQUEST_QUANTITY, APPROVED_QUANTITY, REJECT_REASON, MATERIAL_NAME_SNAPSHOT, SUPPLY_PRICE_SNAPSHOT, MATERIAL_ID, PURCHASE_ORDER_ID) VALUES
    (10, 50, 0, '사전 승인되지 않은 테스트 발주', '비프패티', 3500, 2, 4);
INSERT INTO PURCHASE_ORDER_ITEMS (PURCHASE_ORDER_ITEM_ID, REQUEST_QUANTITY, APPROVED_QUANTITY, REJECT_REASON, MATERIAL_NAME_SNAPSHOT, SUPPLY_PRICE_SNAPSHOT, MATERIAL_ID, PURCHASE_ORDER_ID) VALUES
    (11, 40, 0, '사전 승인되지 않은 테스트 발주', '베이컨', 3800, 8, 4);
INSERT INTO PURCHASE_ORDER_HISTORIES (PURCHASE_ORDER_HISTORY_ID, TO_STATUS, REASON, CREATED_AT, CREATED_BY, PURCHASE_ORDER_ID) VALUES
    (6, 'REQUESTED', '점주 발주 요청', SYSDATE - 7, 2, 4);
INSERT INTO PURCHASE_ORDER_HISTORIES (PURCHASE_ORDER_HISTORY_ID, TO_STATUS, REASON, CREATED_AT, CREATED_BY, PURCHASE_ORDER_ID) VALUES
    (7, 'REJECTED', '사전 승인되지 않은 대량 발주로 반려', SYSDATE - 6, 1, 4);

INSERT INTO PURCHASE_ORDERS (PURCHASE_ORDER_ID, TOTAL_AMOUNT, ORDER_MEMO, STATUS, CREATED_AT, UPDATED_AT, STORE_ID) VALUES
    (5, 96000, '수량을 잘못 입력하여 취소 예정입니다.', 'CANCELED', SYSDATE - 6, SYSDATE - 5, 2);
INSERT INTO PURCHASE_ORDER_ITEMS (PURCHASE_ORDER_ITEM_ID, REQUEST_QUANTITY, APPROVED_QUANTITY, REJECT_REASON, MATERIAL_NAME_SNAPSHOT, SUPPLY_PRICE_SNAPSHOT, MATERIAL_ID, PURCHASE_ORDER_ID) VALUES
    (12, 80, 0, NULL, '참깨번', 1200, 1, 5);
INSERT INTO PURCHASE_ORDER_HISTORIES (PURCHASE_ORDER_HISTORY_ID, TO_STATUS, REASON, CREATED_AT, CREATED_BY, PURCHASE_ORDER_ID) VALUES
    (8, 'REQUESTED', '점주 발주 요청', SYSDATE - 6, 3, 5);
INSERT INTO PURCHASE_ORDER_HISTORIES (PURCHASE_ORDER_HISTORY_ID, TO_STATUS, REASON, CREATED_AT, CREATED_BY, PURCHASE_ORDER_ID) VALUES
    (9, 'CANCELED', '점주 요청 수량 오입력으로 취소', SYSDATE - 5, 3, 5);

INSERT INTO PURCHASE_ORDERS (PURCHASE_ORDER_ID, TOTAL_AMOUNT, ORDER_MEMO, STATUS, CREATED_AT, UPDATED_AT, STORE_ID) VALUES
    (6, 165000, '정기 발주입니다.', 'RECEIVED', SYSDATE - 5, SYSDATE - 3, 3);
INSERT INTO PURCHASE_ORDER_ITEMS (PURCHASE_ORDER_ITEM_ID, REQUEST_QUANTITY, APPROVED_QUANTITY, REJECT_REASON, MATERIAL_NAME_SNAPSHOT, SUPPLY_PRICE_SNAPSHOT, MATERIAL_ID, PURCHASE_ORDER_ID) VALUES
    (13, 30, 30, NULL, '비프패티', 3500, 2, 6);
INSERT INTO PURCHASE_ORDER_ITEMS (PURCHASE_ORDER_ITEM_ID, REQUEST_QUANTITY, APPROVED_QUANTITY, REJECT_REASON, MATERIAL_NAME_SNAPSHOT, SUPPLY_PRICE_SNAPSHOT, MATERIAL_ID, PURCHASE_ORDER_ID) VALUES
    (14, 20, 20, NULL, '체다치즈', 1800, 3, 6);
INSERT INTO PURCHASE_ORDER_ITEMS (PURCHASE_ORDER_ITEM_ID, REQUEST_QUANTITY, APPROVED_QUANTITY, REJECT_REASON, MATERIAL_NAME_SNAPSHOT, SUPPLY_PRICE_SNAPSHOT, MATERIAL_ID, PURCHASE_ORDER_ID) VALUES
    (15, 15, 15, NULL, '감자튀김', 1600, 11, 6);
INSERT INTO PURCHASE_ORDER_HISTORIES (PURCHASE_ORDER_HISTORY_ID, TO_STATUS, REASON, CREATED_AT, CREATED_BY, PURCHASE_ORDER_ID) VALUES
    (10, 'REQUESTED', '점주 발주 요청', SYSDATE - 5, 4, 6);
INSERT INTO PURCHASE_ORDER_HISTORIES (PURCHASE_ORDER_HISTORY_ID, TO_STATUS, REASON, CREATED_AT, CREATED_BY, PURCHASE_ORDER_ID) VALUES
    (11, 'APPROVED', '요청 수량 전체 승인', SYSDATE - 4, 1, 6);
INSERT INTO PURCHASE_ORDER_HISTORIES (PURCHASE_ORDER_HISTORY_ID, TO_STATUS, REASON, CREATED_AT, CREATED_BY, PURCHASE_ORDER_ID) VALUES
    (12, 'RECEIVED', '점포 입고 처리 완료', SYSDATE - 3, 4, 6);

INSERT INTO PURCHASE_ORDERS (PURCHASE_ORDER_ID, TOTAL_AMOUNT, ORDER_MEMO, STATUS, CREATED_AT, UPDATED_AT, STORE_ID) VALUES
    (7, 87000, '소스류 재고 부족으로 추가 발주합니다.', 'REQUESTED', SYSDATE - 2, NULL, 1);
INSERT INTO PURCHASE_ORDER_ITEMS (PURCHASE_ORDER_ITEM_ID, REQUEST_QUANTITY, APPROVED_QUANTITY, REJECT_REASON, MATERIAL_NAME_SNAPSHOT, SUPPLY_PRICE_SNAPSHOT, MATERIAL_ID, PURCHASE_ORDER_ID) VALUES
    (16, 10, 0, NULL, '케첩', 2500, 12, 7);
INSERT INTO PURCHASE_ORDER_ITEMS (PURCHASE_ORDER_ITEM_ID, REQUEST_QUANTITY, APPROVED_QUANTITY, REJECT_REASON, MATERIAL_NAME_SNAPSHOT, SUPPLY_PRICE_SNAPSHOT, MATERIAL_ID, PURCHASE_ORDER_ID) VALUES
    (17, 20, 0, NULL, '마요네즈', 3100, 10, 7);
INSERT INTO PURCHASE_ORDER_HISTORIES (PURCHASE_ORDER_HISTORY_ID, TO_STATUS, REASON, CREATED_AT, CREATED_BY, PURCHASE_ORDER_ID) VALUES
    (13, 'REQUESTED', '점주 발주 요청', SYSDATE - 2, 2, 7);

INSERT INTO PURCHASE_ORDERS (PURCHASE_ORDER_ID, TOTAL_AMOUNT, ORDER_MEMO, STATUS, CREATED_AT, UPDATED_AT, STORE_ID) VALUES
    (8, 116000, '음료 및 포장 자재 정기 발주입니다.', 'APPROVED', SYSDATE - 1, SYSDATE, 2);
INSERT INTO PURCHASE_ORDER_ITEMS (PURCHASE_ORDER_ITEM_ID, REQUEST_QUANTITY, APPROVED_QUANTITY, REJECT_REASON, MATERIAL_NAME_SNAPSHOT, SUPPLY_PRICE_SNAPSHOT, MATERIAL_ID, PURCHASE_ORDER_ID) VALUES
    (18, 20, 20, NULL, '콜라시럽', 4000, 13, 8);
INSERT INTO PURCHASE_ORDER_ITEMS (PURCHASE_ORDER_ITEM_ID, REQUEST_QUANTITY, APPROVED_QUANTITY, REJECT_REASON, MATERIAL_NAME_SNAPSHOT, SUPPLY_PRICE_SNAPSHOT, MATERIAL_ID, PURCHASE_ORDER_ID) VALUES
    (19, 30, 30, NULL, '포장지', 1200, 14, 8);
INSERT INTO PURCHASE_ORDER_HISTORIES (PURCHASE_ORDER_HISTORY_ID, TO_STATUS, REASON, CREATED_AT, CREATED_BY, PURCHASE_ORDER_ID) VALUES
    (14, 'REQUESTED', '점주 발주 요청', SYSDATE - 1, 3, 8);
INSERT INTO PURCHASE_ORDER_HISTORIES (PURCHASE_ORDER_HISTORY_ID, TO_STATUS, REASON, CREATED_AT, CREATED_BY, PURCHASE_ORDER_ID) VALUES
    (15, 'APPROVED', '요청 수량 전체 승인', SYSDATE, 1, 8);
