-- =========================================================
-- 30_seed_receipt.sql
-- 역할:
--   - RECEIVED 상태 발주에 대응하는 입고 시나리오 데이터 시딩
-- 포함 범위:
--   - RECEIPTS
--   - RECEIPT_ITEMS
--   - INVENTORY_TRANSACTIONS
--   - INVENTORY_TRANSACTION_ITEMS
--   - STORE_INVENTORIES 현재고 반영
-- =========================================================

-- 1. 강남점 발주 1 입고
INSERT INTO RECEIPTS (RECEIPT_ID, RECEIPT_MEMO, RECEIVED_AT, PURCHASE_ORDER_ID) VALUES
    (1, '강남점 1차 기본 자재 입고 완료', TRUNC(DATE '2026-06-17', 'IW') - 10 + (10 / 24), 1);
INSERT INTO RECEIPT_ITEMS (RECEIPT_ITEM_ID, RECEIVED_QUANTITY, DEFECT_QUANTITY, RECEIPT_ITEM_MEMO, RECEIPT_ID, PURCHASE_ORDER_ITEM_ID) VALUES
    (1, 20, 0, '포장 상태 양호', 1, 1);
INSERT INTO RECEIPT_ITEMS (RECEIPT_ITEM_ID, RECEIVED_QUANTITY, DEFECT_QUANTITY, RECEIPT_ITEM_MEMO, RECEIPT_ID, PURCHASE_ORDER_ITEM_ID) VALUES
    (2, 15, 0, '냉동 상태 양호', 1, 2);
INSERT INTO RECEIPT_ITEMS (RECEIPT_ITEM_ID, RECEIVED_QUANTITY, DEFECT_QUANTITY, RECEIPT_ITEM_MEMO, RECEIPT_ID, PURCHASE_ORDER_ITEM_ID) VALUES
    (3, 12, 0, '세척 상태 확인 완료', 1, 3);

INSERT INTO INVENTORY_TRANSACTIONS (
    INVENTORY_TRANSACTION_ID,
    TRANSACTION_TYPE,
    REASON,
    TRANSACTION_MEMO,
    CREATED_AT,
    CREATED_BY,
    STORE_ID,
    RECEIPT_ID,
    STORE_CLOSING_ID
) VALUES (
    1,
    'RECEIPT',
    '발주 1 입고 반영',
    '강남점 1차 기본 자재 입고에 따른 현재고 증가',
    TRUNC(DATE '2026-06-17', 'IW') - 10 + (10 / 24),
    2,
    1,
    1,
    NULL
);

INSERT INTO INVENTORY_TRANSACTION_ITEMS (INVENTORY_TRANSACTION_ITEM_ID, BEFORE_QUANTITY, AFTER_QUANTITY, INVENTORY_TRANSACTION_ID, STORE_INVENTORY_ID) VALUES
    (1, 120, 140, 1, 1);
INSERT INTO INVENTORY_TRANSACTION_ITEMS (INVENTORY_TRANSACTION_ITEM_ID, BEFORE_QUANTITY, AFTER_QUANTITY, INVENTORY_TRANSACTION_ID, STORE_INVENTORY_ID) VALUES
    (2, 18, 33, 1, 2);
INSERT INTO INVENTORY_TRANSACTION_ITEMS (INVENTORY_TRANSACTION_ITEM_ID, BEFORE_QUANTITY, AFTER_QUANTITY, INVENTORY_TRANSACTION_ID, STORE_INVENTORY_ID) VALUES
    (3, 42, 54, 1, 4);

UPDATE STORE_INVENTORIES
   SET CURRENT_QUANTITY = 140,
       UPDATED_AT = TRUNC(DATE '2026-06-17', 'IW') - 10 + (10 / 24)
 WHERE STORE_INVENTORY_ID = 1;

UPDATE STORE_INVENTORIES
   SET CURRENT_QUANTITY = 33,
       UPDATED_AT = TRUNC(DATE '2026-06-17', 'IW') - 10 + (10 / 24)
 WHERE STORE_INVENTORY_ID = 2;

UPDATE STORE_INVENTORIES
   SET CURRENT_QUANTITY = 54,
       UPDATED_AT = TRUNC(DATE '2026-06-17', 'IW') - 10 + (10 / 24)
 WHERE STORE_INVENTORY_ID = 4;

-- 2. 강남점 발주 3 입고
INSERT INTO RECEIPTS (RECEIPT_ID, RECEIPT_MEMO, RECEIVED_AT, PURCHASE_ORDER_ID) VALUES
    (2, '강남점 중간 보충 자재 입고 완료', TRUNC(DATE '2026-06-17', 'IW') - 3 + (11 / 24), 3);
INSERT INTO RECEIPT_ITEMS (RECEIPT_ITEM_ID, RECEIVED_QUANTITY, DEFECT_QUANTITY, RECEIPT_ITEM_MEMO, RECEIPT_ID, PURCHASE_ORDER_ITEM_ID) VALUES
    (4, 10, 0, '냉동 박스 파손 없음', 2, 6);
INSERT INTO RECEIPT_ITEMS (RECEIPT_ITEM_ID, RECEIVED_QUANTITY, DEFECT_QUANTITY, RECEIPT_ITEM_MEMO, RECEIPT_ID, PURCHASE_ORDER_ITEM_ID) VALUES
    (5, 8, 0, '외관 상태 양호', 2, 7);
INSERT INTO RECEIPT_ITEMS (RECEIPT_ITEM_ID, RECEIVED_QUANTITY, DEFECT_QUANTITY, RECEIPT_ITEM_MEMO, RECEIPT_ID, PURCHASE_ORDER_ITEM_ID) VALUES
    (6, 20, 0, '포장 자재 수량 확인 완료', 2, 8);

INSERT INTO INVENTORY_TRANSACTIONS (
    INVENTORY_TRANSACTION_ID,
    TRANSACTION_TYPE,
    REASON,
    TRANSACTION_MEMO,
    CREATED_AT,
    CREATED_BY,
    STORE_ID,
    RECEIPT_ID,
    STORE_CLOSING_ID
) VALUES (
    2,
    'RECEIPT',
    '발주 3 입고 반영',
    '강남점 2주차 중반 보충 입고 반영',
    TRUNC(DATE '2026-06-17', 'IW') - 3 + (11 / 24),
    2,
    1,
    2,
    NULL
);

INSERT INTO INVENTORY_TRANSACTION_ITEMS (INVENTORY_TRANSACTION_ITEM_ID, BEFORE_QUANTITY, AFTER_QUANTITY, INVENTORY_TRANSACTION_ID, STORE_INVENTORY_ID) VALUES
    (4, 18, 28, 2, 11);
INSERT INTO INVENTORY_TRANSACTION_ITEMS (INVENTORY_TRANSACTION_ITEM_ID, BEFORE_QUANTITY, AFTER_QUANTITY, INVENTORY_TRANSACTION_ID, STORE_INVENTORY_ID) VALUES
    (5, 26, 34, 2, 12);
INSERT INTO INVENTORY_TRANSACTION_ITEMS (INVENTORY_TRANSACTION_ITEM_ID, BEFORE_QUANTITY, AFTER_QUANTITY, INVENTORY_TRANSACTION_ID, STORE_INVENTORY_ID) VALUES
    (6, 44, 64, 2, 14);

UPDATE STORE_INVENTORIES
   SET CURRENT_QUANTITY = 28,
       UPDATED_AT = TRUNC(DATE '2026-06-17', 'IW') - 3 + (11 / 24)
 WHERE STORE_INVENTORY_ID = 11;

UPDATE STORE_INVENTORIES
   SET CURRENT_QUANTITY = 34,
       UPDATED_AT = TRUNC(DATE '2026-06-17', 'IW') - 3 + (11 / 24)
 WHERE STORE_INVENTORY_ID = 12;

UPDATE STORE_INVENTORIES
   SET CURRENT_QUANTITY = 64,
       UPDATED_AT = TRUNC(DATE '2026-06-17', 'IW') - 3 + (11 / 24)
 WHERE STORE_INVENTORY_ID = 14;

-- 3. 동대문점 발주 10 입고
INSERT INTO RECEIPTS (RECEIPT_ID, RECEIPT_MEMO, RECEIVED_AT, PURCHASE_ORDER_ID) VALUES
    (3, '동대문점 정기 발주 입고 완료', TRUNC(DATE '2026-06-17', 'IW') - 5 + (15 / 24), 10);
INSERT INTO RECEIPT_ITEMS (RECEIPT_ITEM_ID, RECEIVED_QUANTITY, DEFECT_QUANTITY, RECEIPT_ITEM_MEMO, RECEIPT_ID, PURCHASE_ORDER_ITEM_ID) VALUES
    (7, 20, 0, '정상 입고', 3, 23);
INSERT INTO RECEIPT_ITEMS (RECEIPT_ITEM_ID, RECEIVED_QUANTITY, DEFECT_QUANTITY, RECEIPT_ITEM_MEMO, RECEIPT_ID, PURCHASE_ORDER_ITEM_ID) VALUES
    (8, 15, 0, '정상 입고', 3, 24);
INSERT INTO RECEIPT_ITEMS (RECEIPT_ITEM_ID, RECEIVED_QUANTITY, DEFECT_QUANTITY, RECEIPT_ITEM_MEMO, RECEIPT_ID, PURCHASE_ORDER_ITEM_ID) VALUES
    (9, 12, 0, '정상 입고', 3, 25);

INSERT INTO INVENTORY_TRANSACTIONS (
    INVENTORY_TRANSACTION_ID,
    TRANSACTION_TYPE,
    REASON,
    TRANSACTION_MEMO,
    CREATED_AT,
    CREATED_BY,
    STORE_ID,
    RECEIPT_ID,
    STORE_CLOSING_ID
) VALUES (
    3,
    'RECEIPT',
    '발주 10 입고 반영',
    '동대문점 주간 보충 입고에 따른 재고 증가',
    TRUNC(DATE '2026-06-17', 'IW') - 5 + (15 / 24),
    3,
    2,
    3,
    NULL
);

INSERT INTO INVENTORY_TRANSACTION_ITEMS (INVENTORY_TRANSACTION_ITEM_ID, BEFORE_QUANTITY, AFTER_QUANTITY, INVENTORY_TRANSACTION_ID, STORE_INVENTORY_ID) VALUES
    (7, 70, 90, 3, 25);
INSERT INTO INVENTORY_TRANSACTION_ITEMS (INVENTORY_TRANSACTION_ITEM_ID, BEFORE_QUANTITY, AFTER_QUANTITY, INVENTORY_TRANSACTION_ID, STORE_INVENTORY_ID) VALUES
    (8, 48, 63, 3, 27);
INSERT INTO INVENTORY_TRANSACTION_ITEMS (INVENTORY_TRANSACTION_ITEM_ID, BEFORE_QUANTITY, AFTER_QUANTITY, INVENTORY_TRANSACTION_ID, STORE_INVENTORY_ID) VALUES
    (9, 40, 52, 3, 34);

UPDATE STORE_INVENTORIES
   SET CURRENT_QUANTITY = 90,
       UPDATED_AT = TRUNC(DATE '2026-06-17', 'IW') - 5 + (15 / 24)
 WHERE STORE_INVENTORY_ID = 25;

UPDATE STORE_INVENTORIES
   SET CURRENT_QUANTITY = 63,
       UPDATED_AT = TRUNC(DATE '2026-06-17', 'IW') - 5 + (15 / 24)
 WHERE STORE_INVENTORY_ID = 27;

UPDATE STORE_INVENTORIES
   SET CURRENT_QUANTITY = 52,
       UPDATED_AT = TRUNC(DATE '2026-06-17', 'IW') - 5 + (15 / 24)
 WHERE STORE_INVENTORY_ID = 34;

-- 4. 종로점 발주 14 입고
INSERT INTO RECEIPTS (RECEIPT_ID, RECEIPT_MEMO, RECEIVED_AT, PURCHASE_ORDER_ID) VALUES
    (4, '종로점 긴급 보충 입고 완료', TRUNC(DATE '2026-06-17', 'IW') - 7 + (11 / 24), 14);
INSERT INTO RECEIPT_ITEMS (RECEIPT_ITEM_ID, RECEIVED_QUANTITY, DEFECT_QUANTITY, RECEIPT_ITEM_MEMO, RECEIPT_ID, PURCHASE_ORDER_ITEM_ID) VALUES
    (10, 20, 0, '냉동 상태 양호', 4, 34);
INSERT INTO RECEIPT_ITEMS (RECEIPT_ITEM_ID, RECEIVED_QUANTITY, DEFECT_QUANTITY, RECEIPT_ITEM_MEMO, RECEIPT_ID, PURCHASE_ORDER_ITEM_ID) VALUES
    (11, 15, 2, '일부 포장 손상으로 불량 2건 처리', 4, 35);
INSERT INTO RECEIPT_ITEMS (RECEIPT_ITEM_ID, RECEIVED_QUANTITY, DEFECT_QUANTITY, RECEIPT_ITEM_MEMO, RECEIPT_ID, PURCHASE_ORDER_ITEM_ID) VALUES
    (12, 25, 0, '포장 자재 정상 입고', 4, 36);

INSERT INTO INVENTORY_TRANSACTIONS (
    INVENTORY_TRANSACTION_ID,
    TRANSACTION_TYPE,
    REASON,
    TRANSACTION_MEMO,
    CREATED_AT,
    CREATED_BY,
    STORE_ID,
    RECEIPT_ID,
    STORE_CLOSING_ID
) VALUES (
    4,
    'RECEIPT',
    '발주 14 입고 반영',
    '종로점 긴급 보충 입고 반영, 일부 불량 포함',
    TRUNC(DATE '2026-06-17', 'IW') - 7 + (11 / 24),
    4,
    3,
    4,
    NULL
);

INSERT INTO INVENTORY_TRANSACTION_ITEMS (INVENTORY_TRANSACTION_ITEM_ID, BEFORE_QUANTITY, AFTER_QUANTITY, INVENTORY_TRANSACTION_ID, STORE_INVENTORY_ID) VALUES
    (10, 14, 34, 4, 50);
INSERT INTO INVENTORY_TRANSACTION_ITEMS (INVENTORY_TRANSACTION_ITEM_ID, BEFORE_QUANTITY, AFTER_QUANTITY, INVENTORY_TRANSACTION_ID, STORE_INVENTORY_ID) VALUES
    (11, 18, 33, 4, 59);
INSERT INTO INVENTORY_TRANSACTION_ITEMS (INVENTORY_TRANSACTION_ITEM_ID, BEFORE_QUANTITY, AFTER_QUANTITY, INVENTORY_TRANSACTION_ID, STORE_INVENTORY_ID) VALUES
    (12, 20, 45, 4, 62);

UPDATE STORE_INVENTORIES
   SET CURRENT_QUANTITY = 34,
       UPDATED_AT = TRUNC(DATE '2026-06-17', 'IW') - 7 + (11 / 24)
 WHERE STORE_INVENTORY_ID = 50;

UPDATE STORE_INVENTORIES
   SET CURRENT_QUANTITY = 33,
       UPDATED_AT = TRUNC(DATE '2026-06-17', 'IW') - 7 + (11 / 24)
 WHERE STORE_INVENTORY_ID = 59;

UPDATE STORE_INVENTORIES
   SET CURRENT_QUANTITY = 45,
       UPDATED_AT = TRUNC(DATE '2026-06-17', 'IW') - 7 + (11 / 24)
 WHERE STORE_INVENTORY_ID = 62;
