-- =========================================================
-- 50_seed_closing.sql
-- 역할:
--   - 점포 마감 전용 시나리오 데이터 시딩
-- 담당 범위:
--   - STORE_CLOSINGS
--   - STORE_CLOSING_ITEMS
--   - INVENTORY_TRANSACTIONS (STORE_CLOSING)
--   - INVENTORY_TRANSACTION_ITEMS
-- 작성 원칙:
--   - BUSINESS_DATE 중복 금지
--   - 마감 상세는 대표 자재만 기록
--   - 전산수량, 실재고, 폐기수량, 마감 후 잔량이 서로 맞도록 구성
-- =========================================================

-- 강남점 10일치 마감
INSERT INTO STORE_CLOSINGS (STORE_CLOSING_ID, BUSINESS_DATE, CLOSING_MEMO, CLOSED_AT, STORE_ID) VALUES (1, TRUNC(DATE '2026-06-17') - 14, '오픈 주간 첫 마감, 판매 패턴 확인', TRUNC(DATE '2026-06-17') - 14 + (22 / 24), 1);
INSERT INTO STORE_CLOSINGS (STORE_CLOSING_ID, BUSINESS_DATE, CLOSING_MEMO, CLOSED_AT, STORE_ID) VALUES (2, TRUNC(DATE '2026-06-17') - 13, '1차 발주 요청 직후 마감', TRUNC(DATE '2026-06-17') - 13 + (22 / 24), 1);
INSERT INTO STORE_CLOSINGS (STORE_CLOSING_ID, BUSINESS_DATE, CLOSING_MEMO, CLOSED_AT, STORE_ID) VALUES (3, TRUNC(DATE '2026-06-17') - 11, '입고 반영 후 판매량 점검', TRUNC(DATE '2026-06-17') - 11 + (22 / 24), 1);
INSERT INTO STORE_CLOSINGS (STORE_CLOSING_ID, BUSINESS_DATE, CLOSING_MEMO, CLOSED_AT, STORE_ID) VALUES (4, TRUNC(DATE '2026-06-17') - 10, '양상추 손실 조정일 마감', TRUNC(DATE '2026-06-17') - 10 + (22 / 24), 1);
INSERT INTO STORE_CLOSINGS (STORE_CLOSING_ID, BUSINESS_DATE, CLOSING_MEMO, CLOSED_AT, STORE_ID) VALUES (5, TRUNC(DATE '2026-06-17') - 9, '평일 판매 추이 반영 마감', TRUNC(DATE '2026-06-17') - 9 + (22 / 24), 1);
INSERT INTO STORE_CLOSINGS (STORE_CLOSING_ID, BUSINESS_DATE, CLOSING_MEMO, CLOSED_AT, STORE_ID) VALUES (6, TRUNC(DATE '2026-06-17') - 7, '행사 전 부족 재고 확인 마감', TRUNC(DATE '2026-06-17') - 7 + (22 / 24), 1);
INSERT INTO STORE_CLOSINGS (STORE_CLOSING_ID, BUSINESS_DATE, CLOSING_MEMO, CLOSED_AT, STORE_ID) VALUES (7, TRUNC(DATE '2026-06-17') - 5, '부분 승인 후 재고 흐름 확인', TRUNC(DATE '2026-06-17') - 5 + (22 / 24), 1);
INSERT INTO STORE_CLOSINGS (STORE_CLOSING_ID, BUSINESS_DATE, CLOSING_MEMO, CLOSED_AT, STORE_ID) VALUES (8, TRUNC(DATE '2026-06-17') - 3, '폐기 발생분 반영 마감', TRUNC(DATE '2026-06-17') - 3 + (22 / 24), 1);
INSERT INTO STORE_CLOSINGS (STORE_CLOSING_ID, BUSINESS_DATE, CLOSING_MEMO, CLOSED_AT, STORE_ID) VALUES (9, TRUNC(DATE '2026-06-17') - 1, '부족 재고 경고 직전 마감', TRUNC(DATE '2026-06-17') - 1 + (22 / 24), 1);
INSERT INTO STORE_CLOSINGS (STORE_CLOSING_ID, BUSINESS_DATE, CLOSING_MEMO, CLOSED_AT, STORE_ID) VALUES (10, TRUNC(DATE '2026-06-17'), '오늘 마감, 현재 부족 자재 확인', TRUNC(DATE '2026-06-17') + (21 / 24), 1);

-- 동대문점 3일치 마감
INSERT INTO STORE_CLOSINGS (STORE_CLOSING_ID, BUSINESS_DATE, CLOSING_MEMO, CLOSED_AT, STORE_ID) VALUES (11, TRUNC(DATE '2026-06-17') - 6, '정기 운영 마감', TRUNC(DATE '2026-06-17') - 6 + (22 / 24), 2);
INSERT INTO STORE_CLOSINGS (STORE_CLOSING_ID, BUSINESS_DATE, CLOSING_MEMO, CLOSED_AT, STORE_ID) VALUES (12, TRUNC(DATE '2026-06-17') - 3, '정상 판매 흐름 마감', TRUNC(DATE '2026-06-17') - 3 + (22 / 24), 2);
INSERT INTO STORE_CLOSINGS (STORE_CLOSING_ID, BUSINESS_DATE, CLOSING_MEMO, CLOSED_AT, STORE_ID) VALUES (13, TRUNC(DATE '2026-06-17') - 1, '소량 보충 요청 전 마감', TRUNC(DATE '2026-06-17') - 1 + (22 / 24), 2);

-- 종로점 2일치 마감
INSERT INTO STORE_CLOSINGS (STORE_CLOSING_ID, BUSINESS_DATE, CLOSING_MEMO, CLOSED_AT, STORE_ID) VALUES (14, TRUNC(DATE '2026-06-17') - 4, '부족 재고와 폐기 누적 확인', TRUNC(DATE '2026-06-17') - 4 + (22 / 24), 3);
INSERT INTO STORE_CLOSINGS (STORE_CLOSING_ID, BUSINESS_DATE, CLOSING_MEMO, CLOSED_AT, STORE_ID) VALUES (15, TRUNC(DATE '2026-06-17') - 1, '최근 미답변 문의 직전 마감', TRUNC(DATE '2026-06-17') - 1 + (22 / 24), 3);

-- 강남점 마감 상세
INSERT INTO STORE_CLOSING_ITEMS (STORE_CLOSING_ITEM_ID, SYSTEM_QUANTITY, PHYSICAL_QUANTITY, DISPOSAL_QUANTITY, CLOSING_ITEM_MEMO, MATERIAL_NAME_SNAPSHOT, STORE_CLOSING_ID, STORE_INVENTORY_ID) VALUES (1, 32, 30, 1, '패티 해동 손실 1개', '비프패티', 1, 2);
INSERT INTO STORE_CLOSING_ITEMS (STORE_CLOSING_ITEM_ID, SYSTEM_QUANTITY, PHYSICAL_QUANTITY, DISPOSAL_QUANTITY, CLOSING_ITEM_MEMO, MATERIAL_NAME_SNAPSHOT, STORE_CLOSING_ID, STORE_INVENTORY_ID) VALUES (2, 18, 17, 0, '토마토 사용량 정상', '토마토', 1, 5);
INSERT INTO STORE_CLOSING_ITEMS (STORE_CLOSING_ITEM_ID, SYSTEM_QUANTITY, PHYSICAL_QUANTITY, DISPOSAL_QUANTITY, CLOSING_ITEM_MEMO, MATERIAL_NAME_SNAPSHOT, STORE_CLOSING_ID, STORE_INVENTORY_ID) VALUES (3, 7, 7, 0, '베이컨 재고 정상', '베이컨', 1, 8);
INSERT INTO STORE_CLOSING_ITEMS (STORE_CLOSING_ITEM_ID, SYSTEM_QUANTITY, PHYSICAL_QUANTITY, DISPOSAL_QUANTITY, CLOSING_ITEM_MEMO, MATERIAL_NAME_SNAPSHOT, STORE_CLOSING_ID, STORE_INVENTORY_ID) VALUES (4, 29, 27, 0, '패티 사용량 증가', '비프패티', 2, 2);
INSERT INTO STORE_CLOSING_ITEMS (STORE_CLOSING_ITEM_ID, SYSTEM_QUANTITY, PHYSICAL_QUANTITY, DISPOSAL_QUANTITY, CLOSING_ITEM_MEMO, MATERIAL_NAME_SNAPSHOT, STORE_CLOSING_ID, STORE_INVENTORY_ID) VALUES (5, 17, 16, 0, '토마토 일부 추가 사용', '토마토', 2, 5);
INSERT INTO STORE_CLOSING_ITEMS (STORE_CLOSING_ITEM_ID, SYSTEM_QUANTITY, PHYSICAL_QUANTITY, DISPOSAL_QUANTITY, CLOSING_ITEM_MEMO, MATERIAL_NAME_SNAPSHOT, STORE_CLOSING_ID, STORE_INVENTORY_ID) VALUES (6, 7, 6, 0, '베이컨 판매 반영', '베이컨', 2, 8);
INSERT INTO STORE_CLOSING_ITEMS (STORE_CLOSING_ITEM_ID, SYSTEM_QUANTITY, PHYSICAL_QUANTITY, DISPOSAL_QUANTITY, CLOSING_ITEM_MEMO, MATERIAL_NAME_SNAPSHOT, STORE_CLOSING_ID, STORE_INVENTORY_ID) VALUES (7, 38, 36, 1, '입고 후 판매량 반영', '비프패티', 3, 2);
INSERT INTO STORE_CLOSING_ITEMS (STORE_CLOSING_ITEM_ID, SYSTEM_QUANTITY, PHYSICAL_QUANTITY, DISPOSAL_QUANTITY, CLOSING_ITEM_MEMO, MATERIAL_NAME_SNAPSHOT, STORE_CLOSING_ID, STORE_INVENTORY_ID) VALUES (8, 16, 15, 0, '토마토 정상 소진', '토마토', 3, 5);
INSERT INTO STORE_CLOSING_ITEMS (STORE_CLOSING_ITEM_ID, SYSTEM_QUANTITY, PHYSICAL_QUANTITY, DISPOSAL_QUANTITY, CLOSING_ITEM_MEMO, MATERIAL_NAME_SNAPSHOT, STORE_CLOSING_ID, STORE_INVENTORY_ID) VALUES (9, 6, 5, 0, '베이컨 잔량 감소', '베이컨', 3, 8);
INSERT INTO STORE_CLOSING_ITEMS (STORE_CLOSING_ITEM_ID, SYSTEM_QUANTITY, PHYSICAL_QUANTITY, DISPOSAL_QUANTITY, CLOSING_ITEM_MEMO, MATERIAL_NAME_SNAPSHOT, STORE_CLOSING_ID, STORE_INVENTORY_ID) VALUES (10, 35, 33, 0, '조정 후 패티 잔량 확인', '비프패티', 4, 2);
INSERT INTO STORE_CLOSING_ITEMS (STORE_CLOSING_ITEM_ID, SYSTEM_QUANTITY, PHYSICAL_QUANTITY, DISPOSAL_QUANTITY, CLOSING_ITEM_MEMO, MATERIAL_NAME_SNAPSHOT, STORE_CLOSING_ID, STORE_INVENTORY_ID) VALUES (11, 15, 14, 0, '토마토 정상', '토마토', 4, 5);
INSERT INTO STORE_CLOSING_ITEMS (STORE_CLOSING_ITEM_ID, SYSTEM_QUANTITY, PHYSICAL_QUANTITY, DISPOSAL_QUANTITY, CLOSING_ITEM_MEMO, MATERIAL_NAME_SNAPSHOT, STORE_CLOSING_ID, STORE_INVENTORY_ID) VALUES (12, 5, 4, 0, '베이컨 사용 반영', '베이컨', 4, 8);
INSERT INTO STORE_CLOSING_ITEMS (STORE_CLOSING_ITEM_ID, SYSTEM_QUANTITY, PHYSICAL_QUANTITY, DISPOSAL_QUANTITY, CLOSING_ITEM_MEMO, MATERIAL_NAME_SNAPSHOT, STORE_CLOSING_ID, STORE_INVENTORY_ID) VALUES (13, 33, 30, 1, '패티 보관 손실 1개', '비프패티', 5, 2);
INSERT INTO STORE_CLOSING_ITEMS (STORE_CLOSING_ITEM_ID, SYSTEM_QUANTITY, PHYSICAL_QUANTITY, DISPOSAL_QUANTITY, CLOSING_ITEM_MEMO, MATERIAL_NAME_SNAPSHOT, STORE_CLOSING_ID, STORE_INVENTORY_ID) VALUES (14, 14, 13, 0, '토마토 정상', '토마토', 5, 5);
INSERT INTO STORE_CLOSING_ITEMS (STORE_CLOSING_ITEM_ID, SYSTEM_QUANTITY, PHYSICAL_QUANTITY, DISPOSAL_QUANTITY, CLOSING_ITEM_MEMO, MATERIAL_NAME_SNAPSHOT, STORE_CLOSING_ID, STORE_INVENTORY_ID) VALUES (15, 4, 4, 0, '베이컨 잔량 유지', '베이컨', 5, 8);
INSERT INTO STORE_CLOSING_ITEMS (STORE_CLOSING_ITEM_ID, SYSTEM_QUANTITY, PHYSICAL_QUANTITY, DISPOSAL_QUANTITY, CLOSING_ITEM_MEMO, MATERIAL_NAME_SNAPSHOT, STORE_CLOSING_ID, STORE_INVENTORY_ID) VALUES (16, 29, 26, 1, '행사 전 패티 사용량 증가', '비프패티', 6, 2);
INSERT INTO STORE_CLOSING_ITEMS (STORE_CLOSING_ITEM_ID, SYSTEM_QUANTITY, PHYSICAL_QUANTITY, DISPOSAL_QUANTITY, CLOSING_ITEM_MEMO, MATERIAL_NAME_SNAPSHOT, STORE_CLOSING_ID, STORE_INVENTORY_ID) VALUES (17, 13, 12, 0, '토마토 정상 소진', '토마토', 6, 5);
INSERT INTO STORE_CLOSING_ITEMS (STORE_CLOSING_ITEM_ID, SYSTEM_QUANTITY, PHYSICAL_QUANTITY, DISPOSAL_QUANTITY, CLOSING_ITEM_MEMO, MATERIAL_NAME_SNAPSHOT, STORE_CLOSING_ID, STORE_INVENTORY_ID) VALUES (18, 4, 3, 0, '베이컨 잔량 감소', '베이컨', 6, 8);
INSERT INTO STORE_CLOSING_ITEMS (STORE_CLOSING_ITEM_ID, SYSTEM_QUANTITY, PHYSICAL_QUANTITY, DISPOSAL_QUANTITY, CLOSING_ITEM_MEMO, MATERIAL_NAME_SNAPSHOT, STORE_CLOSING_ID, STORE_INVENTORY_ID) VALUES (19, 25, 21, 1, '부분 승인 전후 판매량 반영', '비프패티', 7, 2);
INSERT INTO STORE_CLOSING_ITEMS (STORE_CLOSING_ITEM_ID, SYSTEM_QUANTITY, PHYSICAL_QUANTITY, DISPOSAL_QUANTITY, CLOSING_ITEM_MEMO, MATERIAL_NAME_SNAPSHOT, STORE_CLOSING_ID, STORE_INVENTORY_ID) VALUES (20, 12, 11, 0, '토마토 소진 추세 유지', '토마토', 7, 5);
INSERT INTO STORE_CLOSING_ITEMS (STORE_CLOSING_ITEM_ID, SYSTEM_QUANTITY, PHYSICAL_QUANTITY, DISPOSAL_QUANTITY, CLOSING_ITEM_MEMO, MATERIAL_NAME_SNAPSHOT, STORE_CLOSING_ID, STORE_INVENTORY_ID) VALUES (21, 3, 2, 0, '베이컨 잔량 부족 단계 진입', '베이컨', 7, 8);
INSERT INTO STORE_CLOSING_ITEMS (STORE_CLOSING_ITEM_ID, SYSTEM_QUANTITY, PHYSICAL_QUANTITY, DISPOSAL_QUANTITY, CLOSING_ITEM_MEMO, MATERIAL_NAME_SNAPSHOT, STORE_CLOSING_ID, STORE_INVENTORY_ID) VALUES (22, 20, 17, 1, '패티 폐기 1개 발생', '비프패티', 8, 2);
INSERT INTO STORE_CLOSING_ITEMS (STORE_CLOSING_ITEM_ID, SYSTEM_QUANTITY, PHYSICAL_QUANTITY, DISPOSAL_QUANTITY, CLOSING_ITEM_MEMO, MATERIAL_NAME_SNAPSHOT, STORE_CLOSING_ID, STORE_INVENTORY_ID) VALUES (23, 11, 10, 1, '토마토 과숙 폐기 1개', '토마토', 8, 5);
INSERT INTO STORE_CLOSING_ITEMS (STORE_CLOSING_ITEM_ID, SYSTEM_QUANTITY, PHYSICAL_QUANTITY, DISPOSAL_QUANTITY, CLOSING_ITEM_MEMO, MATERIAL_NAME_SNAPSHOT, STORE_CLOSING_ID, STORE_INVENTORY_ID) VALUES (24, 2, 2, 0, '베이컨 잔량 최소치', '베이컨', 8, 8);
INSERT INTO STORE_CLOSING_ITEMS (STORE_CLOSING_ITEM_ID, SYSTEM_QUANTITY, PHYSICAL_QUANTITY, DISPOSAL_QUANTITY, CLOSING_ITEM_MEMO, MATERIAL_NAME_SNAPSHOT, STORE_CLOSING_ID, STORE_INVENTORY_ID) VALUES (25, 16, 13, 1, '패티 부족 경고 직전', '비프패티', 9, 2);
INSERT INTO STORE_CLOSING_ITEMS (STORE_CLOSING_ITEM_ID, SYSTEM_QUANTITY, PHYSICAL_QUANTITY, DISPOSAL_QUANTITY, CLOSING_ITEM_MEMO, MATERIAL_NAME_SNAPSHOT, STORE_CLOSING_ID, STORE_INVENTORY_ID) VALUES (26, 10, 10, 0, '토마토 최소 정상 수준', '토마토', 9, 5);
INSERT INTO STORE_CLOSING_ITEMS (STORE_CLOSING_ITEM_ID, SYSTEM_QUANTITY, PHYSICAL_QUANTITY, DISPOSAL_QUANTITY, CLOSING_ITEM_MEMO, MATERIAL_NAME_SNAPSHOT, STORE_CLOSING_ID, STORE_INVENTORY_ID) VALUES (27, 2, 1, 0, '베이컨 판매 지속', '베이컨', 9, 8);
INSERT INTO STORE_CLOSING_ITEMS (STORE_CLOSING_ITEM_ID, SYSTEM_QUANTITY, PHYSICAL_QUANTITY, DISPOSAL_QUANTITY, CLOSING_ITEM_MEMO, MATERIAL_NAME_SNAPSHOT, STORE_CLOSING_ID, STORE_INVENTORY_ID) VALUES (28, 13, 12, 0, '오늘 마감 후 패티 부족 상태 확정', '비프패티', 10, 2);
INSERT INTO STORE_CLOSING_ITEMS (STORE_CLOSING_ITEM_ID, SYSTEM_QUANTITY, PHYSICAL_QUANTITY, DISPOSAL_QUANTITY, CLOSING_ITEM_MEMO, MATERIAL_NAME_SNAPSHOT, STORE_CLOSING_ID, STORE_INVENTORY_ID) VALUES (29, 11, 10, 0, '토마토 부족 상태 유지', '토마토', 10, 5);
INSERT INTO STORE_CLOSING_ITEMS (STORE_CLOSING_ITEM_ID, SYSTEM_QUANTITY, PHYSICAL_QUANTITY, DISPOSAL_QUANTITY, CLOSING_ITEM_MEMO, MATERIAL_NAME_SNAPSHOT, STORE_CLOSING_ID, STORE_INVENTORY_ID) VALUES (30, 2, 1, 1, '베이컨 폐기 후 품절 처리', '베이컨', 10, 8);

-- 동대문점 마감 상세
INSERT INTO STORE_CLOSING_ITEMS (STORE_CLOSING_ITEM_ID, SYSTEM_QUANTITY, PHYSICAL_QUANTITY, DISPOSAL_QUANTITY, CLOSING_ITEM_MEMO, MATERIAL_NAME_SNAPSHOT, STORE_CLOSING_ID, STORE_INVENTORY_ID) VALUES (31, 17, 16, 0, '양상추 정상 사용', '양상추', 11, 18);
INSERT INTO STORE_CLOSING_ITEMS (STORE_CLOSING_ITEM_ID, SYSTEM_QUANTITY, PHYSICAL_QUANTITY, DISPOSAL_QUANTITY, CLOSING_ITEM_MEMO, MATERIAL_NAME_SNAPSHOT, STORE_CLOSING_ID, STORE_INVENTORY_ID) VALUES (32, 50, 49, 0, '마요네즈 잔량 안정적', '마요네즈', 11, 24);
INSERT INTO STORE_CLOSING_ITEMS (STORE_CLOSING_ITEM_ID, SYSTEM_QUANTITY, PHYSICAL_QUANTITY, DISPOSAL_QUANTITY, CLOSING_ITEM_MEMO, MATERIAL_NAME_SNAPSHOT, STORE_CLOSING_ID, STORE_INVENTORY_ID) VALUES (33, 14, 14, 0, '콜라시럽 정상', '콜라시럽', 11, 27);
INSERT INTO STORE_CLOSING_ITEMS (STORE_CLOSING_ITEM_ID, SYSTEM_QUANTITY, PHYSICAL_QUANTITY, DISPOSAL_QUANTITY, CLOSING_ITEM_MEMO, MATERIAL_NAME_SNAPSHOT, STORE_CLOSING_ID, STORE_INVENTORY_ID) VALUES (34, 16, 15, 0, '양상추 소진 반영', '양상추', 12, 18);
INSERT INTO STORE_CLOSING_ITEMS (STORE_CLOSING_ITEM_ID, SYSTEM_QUANTITY, PHYSICAL_QUANTITY, DISPOSAL_QUANTITY, CLOSING_ITEM_MEMO, MATERIAL_NAME_SNAPSHOT, STORE_CLOSING_ID, STORE_INVENTORY_ID) VALUES (35, 52, 50, 0, '마요네즈 정상 소모', '마요네즈', 12, 24);
INSERT INTO STORE_CLOSING_ITEMS (STORE_CLOSING_ITEM_ID, SYSTEM_QUANTITY, PHYSICAL_QUANTITY, DISPOSAL_QUANTITY, CLOSING_ITEM_MEMO, MATERIAL_NAME_SNAPSHOT, STORE_CLOSING_ID, STORE_INVENTORY_ID) VALUES (36, 14, 13, 0, '콜라시럽 소량 사용', '콜라시럽', 12, 27);
INSERT INTO STORE_CLOSING_ITEMS (STORE_CLOSING_ITEM_ID, SYSTEM_QUANTITY, PHYSICAL_QUANTITY, DISPOSAL_QUANTITY, CLOSING_ITEM_MEMO, MATERIAL_NAME_SNAPSHOT, STORE_CLOSING_ID, STORE_INVENTORY_ID) VALUES (37, 15, 14, 0, '양상추만 안전재고 근접', '양상추', 13, 18);
INSERT INTO STORE_CLOSING_ITEMS (STORE_CLOSING_ITEM_ID, SYSTEM_QUANTITY, PHYSICAL_QUANTITY, DISPOSAL_QUANTITY, CLOSING_ITEM_MEMO, MATERIAL_NAME_SNAPSHOT, STORE_CLOSING_ID, STORE_INVENTORY_ID) VALUES (38, 50, 48, 0, '마요네즈 충분', '마요네즈', 13, 24);
INSERT INTO STORE_CLOSING_ITEMS (STORE_CLOSING_ITEM_ID, SYSTEM_QUANTITY, PHYSICAL_QUANTITY, DISPOSAL_QUANTITY, CLOSING_ITEM_MEMO, MATERIAL_NAME_SNAPSHOT, STORE_CLOSING_ID, STORE_INVENTORY_ID) VALUES (39, 13, 13, 0, '콜라시럽 정상 잔량', '콜라시럽', 13, 27);

-- 종로점 마감 상세
INSERT INTO STORE_CLOSING_ITEMS (STORE_CLOSING_ITEM_ID, SYSTEM_QUANTITY, PHYSICAL_QUANTITY, DISPOSAL_QUANTITY, CLOSING_ITEM_MEMO, MATERIAL_NAME_SNAPSHOT, STORE_CLOSING_ID, STORE_INVENTORY_ID) VALUES (40, 18, 15, 1, '패티 실사 차이와 폐기 동시 발생', '비프패티', 14, 30);
INSERT INTO STORE_CLOSING_ITEMS (STORE_CLOSING_ITEM_ID, SYSTEM_QUANTITY, PHYSICAL_QUANTITY, DISPOSAL_QUANTITY, CLOSING_ITEM_MEMO, MATERIAL_NAME_SNAPSHOT, STORE_CLOSING_ID, STORE_INVENTORY_ID) VALUES (41, 4, 2, 1, '베이컨 품절 직전', '베이컨', 14, 36);
INSERT INTO STORE_CLOSING_ITEMS (STORE_CLOSING_ITEM_ID, SYSTEM_QUANTITY, PHYSICAL_QUANTITY, DISPOSAL_QUANTITY, CLOSING_ITEM_MEMO, MATERIAL_NAME_SNAPSHOT, STORE_CLOSING_ID, STORE_INVENTORY_ID) VALUES (42, 16, 14, 0, '감자튀김 빠른 소진', '감자튀김', 14, 39);
INSERT INTO STORE_CLOSING_ITEMS (STORE_CLOSING_ITEM_ID, SYSTEM_QUANTITY, PHYSICAL_QUANTITY, DISPOSAL_QUANTITY, CLOSING_ITEM_MEMO, MATERIAL_NAME_SNAPSHOT, STORE_CLOSING_ID, STORE_INVENTORY_ID) VALUES (43, 14, 13, 1, '패티 폐기 반영 후 부족 상태 확정', '비프패티', 15, 30);
INSERT INTO STORE_CLOSING_ITEMS (STORE_CLOSING_ITEM_ID, SYSTEM_QUANTITY, PHYSICAL_QUANTITY, DISPOSAL_QUANTITY, CLOSING_ITEM_MEMO, MATERIAL_NAME_SNAPSHOT, STORE_CLOSING_ID, STORE_INVENTORY_ID) VALUES (44, 1, 1, 1, '베이컨 폐기 후 품절', '베이컨', 15, 36);
INSERT INTO STORE_CLOSING_ITEMS (STORE_CLOSING_ITEM_ID, SYSTEM_QUANTITY, PHYSICAL_QUANTITY, DISPOSAL_QUANTITY, CLOSING_ITEM_MEMO, MATERIAL_NAME_SNAPSHOT, STORE_CLOSING_ID, STORE_INVENTORY_ID) VALUES (45, 12, 10, 0, '감자튀김 부족 상태 유지', '감자튀김', 15, 39);

-- 마감 연동 재고변동
INSERT INTO INVENTORY_TRANSACTIONS (INVENTORY_TRANSACTION_ID, TRANSACTION_TYPE, REASON, TRANSACTION_MEMO, CREATED_AT, CREATED_BY, STORE_ID, RECEIPT_ID, STORE_CLOSING_ID) VALUES (30, 'STORE_CLOSING', '일일 마감 반영', '강남점 D-14 마감 반영', TRUNC(DATE '2026-06-17') - 14 + (22 / 24), 2, 1, NULL, 1);
INSERT INTO INVENTORY_TRANSACTIONS (INVENTORY_TRANSACTION_ID, TRANSACTION_TYPE, REASON, TRANSACTION_MEMO, CREATED_AT, CREATED_BY, STORE_ID, RECEIPT_ID, STORE_CLOSING_ID) VALUES (31, 'STORE_CLOSING', '일일 마감 반영', '강남점 D-13 마감 반영', TRUNC(DATE '2026-06-17') - 13 + (22 / 24), 2, 1, NULL, 2);
INSERT INTO INVENTORY_TRANSACTIONS (INVENTORY_TRANSACTION_ID, TRANSACTION_TYPE, REASON, TRANSACTION_MEMO, CREATED_AT, CREATED_BY, STORE_ID, RECEIPT_ID, STORE_CLOSING_ID) VALUES (32, 'STORE_CLOSING', '일일 마감 반영', '강남점 D-11 마감 반영', TRUNC(DATE '2026-06-17') - 11 + (22 / 24), 2, 1, NULL, 3);
INSERT INTO INVENTORY_TRANSACTIONS (INVENTORY_TRANSACTION_ID, TRANSACTION_TYPE, REASON, TRANSACTION_MEMO, CREATED_AT, CREATED_BY, STORE_ID, RECEIPT_ID, STORE_CLOSING_ID) VALUES (33, 'STORE_CLOSING', '일일 마감 반영', '강남점 D-10 마감 반영', TRUNC(DATE '2026-06-17') - 10 + (22 / 24), 2, 1, NULL, 4);
INSERT INTO INVENTORY_TRANSACTIONS (INVENTORY_TRANSACTION_ID, TRANSACTION_TYPE, REASON, TRANSACTION_MEMO, CREATED_AT, CREATED_BY, STORE_ID, RECEIPT_ID, STORE_CLOSING_ID) VALUES (34, 'STORE_CLOSING', '일일 마감 반영', '강남점 D-9 마감 반영', TRUNC(DATE '2026-06-17') - 9 + (22 / 24), 2, 1, NULL, 5);
INSERT INTO INVENTORY_TRANSACTIONS (INVENTORY_TRANSACTION_ID, TRANSACTION_TYPE, REASON, TRANSACTION_MEMO, CREATED_AT, CREATED_BY, STORE_ID, RECEIPT_ID, STORE_CLOSING_ID) VALUES (35, 'STORE_CLOSING', '일일 마감 반영', '강남점 D-7 마감 반영', TRUNC(DATE '2026-06-17') - 7 + (22 / 24), 2, 1, NULL, 6);
INSERT INTO INVENTORY_TRANSACTIONS (INVENTORY_TRANSACTION_ID, TRANSACTION_TYPE, REASON, TRANSACTION_MEMO, CREATED_AT, CREATED_BY, STORE_ID, RECEIPT_ID, STORE_CLOSING_ID) VALUES (36, 'STORE_CLOSING', '일일 마감 반영', '강남점 D-5 마감 반영', TRUNC(DATE '2026-06-17') - 5 + (22 / 24), 2, 1, NULL, 7);
INSERT INTO INVENTORY_TRANSACTIONS (INVENTORY_TRANSACTION_ID, TRANSACTION_TYPE, REASON, TRANSACTION_MEMO, CREATED_AT, CREATED_BY, STORE_ID, RECEIPT_ID, STORE_CLOSING_ID) VALUES (37, 'STORE_CLOSING', '일일 마감 반영', '강남점 D-3 마감 반영', TRUNC(DATE '2026-06-17') - 3 + (22 / 24), 2, 1, NULL, 8);
INSERT INTO INVENTORY_TRANSACTIONS (INVENTORY_TRANSACTION_ID, TRANSACTION_TYPE, REASON, TRANSACTION_MEMO, CREATED_AT, CREATED_BY, STORE_ID, RECEIPT_ID, STORE_CLOSING_ID) VALUES (38, 'STORE_CLOSING', '일일 마감 반영', '강남점 D-1 마감 반영', TRUNC(DATE '2026-06-17') - 1 + (22 / 24), 2, 1, NULL, 9);
INSERT INTO INVENTORY_TRANSACTIONS (INVENTORY_TRANSACTION_ID, TRANSACTION_TYPE, REASON, TRANSACTION_MEMO, CREATED_AT, CREATED_BY, STORE_ID, RECEIPT_ID, STORE_CLOSING_ID) VALUES (39, 'STORE_CLOSING', '일일 마감 반영', '강남점 오늘 마감 반영', TRUNC(DATE '2026-06-17') + (21 / 24), 2, 1, NULL, 10);
INSERT INTO INVENTORY_TRANSACTIONS (INVENTORY_TRANSACTION_ID, TRANSACTION_TYPE, REASON, TRANSACTION_MEMO, CREATED_AT, CREATED_BY, STORE_ID, RECEIPT_ID, STORE_CLOSING_ID) VALUES (40, 'STORE_CLOSING', '일일 마감 반영', '동대문점 D-6 마감 반영', TRUNC(DATE '2026-06-17') - 6 + (22 / 24), 3, 2, NULL, 11);
INSERT INTO INVENTORY_TRANSACTIONS (INVENTORY_TRANSACTION_ID, TRANSACTION_TYPE, REASON, TRANSACTION_MEMO, CREATED_AT, CREATED_BY, STORE_ID, RECEIPT_ID, STORE_CLOSING_ID) VALUES (41, 'STORE_CLOSING', '일일 마감 반영', '동대문점 D-3 마감 반영', TRUNC(DATE '2026-06-17') - 3 + (22 / 24), 3, 2, NULL, 12);
INSERT INTO INVENTORY_TRANSACTIONS (INVENTORY_TRANSACTION_ID, TRANSACTION_TYPE, REASON, TRANSACTION_MEMO, CREATED_AT, CREATED_BY, STORE_ID, RECEIPT_ID, STORE_CLOSING_ID) VALUES (42, 'STORE_CLOSING', '일일 마감 반영', '동대문점 D-1 마감 반영', TRUNC(DATE '2026-06-17') - 1 + (22 / 24), 3, 2, NULL, 13);
INSERT INTO INVENTORY_TRANSACTIONS (INVENTORY_TRANSACTION_ID, TRANSACTION_TYPE, REASON, TRANSACTION_MEMO, CREATED_AT, CREATED_BY, STORE_ID, RECEIPT_ID, STORE_CLOSING_ID) VALUES (43, 'STORE_CLOSING', '일일 마감 반영', '종로점 D-4 마감 반영', TRUNC(DATE '2026-06-17') - 4 + (22 / 24), 4, 3, NULL, 14);
INSERT INTO INVENTORY_TRANSACTIONS (INVENTORY_TRANSACTION_ID, TRANSACTION_TYPE, REASON, TRANSACTION_MEMO, CREATED_AT, CREATED_BY, STORE_ID, RECEIPT_ID, STORE_CLOSING_ID) VALUES (44, 'STORE_CLOSING', '일일 마감 반영', '종로점 D-1 마감 반영', TRUNC(DATE '2026-06-17') - 1 + (22 / 24), 4, 3, NULL, 15);

INSERT INTO INVENTORY_TRANSACTION_ITEMS (INVENTORY_TRANSACTION_ITEM_ID, BEFORE_QUANTITY, AFTER_QUANTITY, INVENTORY_TRANSACTION_ID, STORE_INVENTORY_ID) VALUES (101, 32, 29, 30, 2);
INSERT INTO INVENTORY_TRANSACTION_ITEMS (INVENTORY_TRANSACTION_ITEM_ID, BEFORE_QUANTITY, AFTER_QUANTITY, INVENTORY_TRANSACTION_ID, STORE_INVENTORY_ID) VALUES (102, 18, 17, 30, 5);
INSERT INTO INVENTORY_TRANSACTION_ITEMS (INVENTORY_TRANSACTION_ITEM_ID, BEFORE_QUANTITY, AFTER_QUANTITY, INVENTORY_TRANSACTION_ID, STORE_INVENTORY_ID) VALUES (103, 7, 7, 30, 8);
INSERT INTO INVENTORY_TRANSACTION_ITEMS (INVENTORY_TRANSACTION_ITEM_ID, BEFORE_QUANTITY, AFTER_QUANTITY, INVENTORY_TRANSACTION_ID, STORE_INVENTORY_ID) VALUES (104, 29, 27, 31, 2);
INSERT INTO INVENTORY_TRANSACTION_ITEMS (INVENTORY_TRANSACTION_ITEM_ID, BEFORE_QUANTITY, AFTER_QUANTITY, INVENTORY_TRANSACTION_ID, STORE_INVENTORY_ID) VALUES (105, 17, 16, 31, 5);
INSERT INTO INVENTORY_TRANSACTION_ITEMS (INVENTORY_TRANSACTION_ITEM_ID, BEFORE_QUANTITY, AFTER_QUANTITY, INVENTORY_TRANSACTION_ID, STORE_INVENTORY_ID) VALUES (106, 7, 6, 31, 8);
INSERT INTO INVENTORY_TRANSACTION_ITEMS (INVENTORY_TRANSACTION_ITEM_ID, BEFORE_QUANTITY, AFTER_QUANTITY, INVENTORY_TRANSACTION_ID, STORE_INVENTORY_ID) VALUES (107, 38, 35, 32, 2);
INSERT INTO INVENTORY_TRANSACTION_ITEMS (INVENTORY_TRANSACTION_ITEM_ID, BEFORE_QUANTITY, AFTER_QUANTITY, INVENTORY_TRANSACTION_ID, STORE_INVENTORY_ID) VALUES (108, 16, 15, 32, 5);
INSERT INTO INVENTORY_TRANSACTION_ITEMS (INVENTORY_TRANSACTION_ITEM_ID, BEFORE_QUANTITY, AFTER_QUANTITY, INVENTORY_TRANSACTION_ID, STORE_INVENTORY_ID) VALUES (109, 6, 5, 32, 8);
INSERT INTO INVENTORY_TRANSACTION_ITEMS (INVENTORY_TRANSACTION_ITEM_ID, BEFORE_QUANTITY, AFTER_QUANTITY, INVENTORY_TRANSACTION_ID, STORE_INVENTORY_ID) VALUES (110, 35, 33, 33, 2);
INSERT INTO INVENTORY_TRANSACTION_ITEMS (INVENTORY_TRANSACTION_ITEM_ID, BEFORE_QUANTITY, AFTER_QUANTITY, INVENTORY_TRANSACTION_ID, STORE_INVENTORY_ID) VALUES (111, 15, 14, 33, 5);
INSERT INTO INVENTORY_TRANSACTION_ITEMS (INVENTORY_TRANSACTION_ITEM_ID, BEFORE_QUANTITY, AFTER_QUANTITY, INVENTORY_TRANSACTION_ID, STORE_INVENTORY_ID) VALUES (112, 5, 4, 33, 8);
INSERT INTO INVENTORY_TRANSACTION_ITEMS (INVENTORY_TRANSACTION_ITEM_ID, BEFORE_QUANTITY, AFTER_QUANTITY, INVENTORY_TRANSACTION_ID, STORE_INVENTORY_ID) VALUES (113, 33, 29, 34, 2);
INSERT INTO INVENTORY_TRANSACTION_ITEMS (INVENTORY_TRANSACTION_ITEM_ID, BEFORE_QUANTITY, AFTER_QUANTITY, INVENTORY_TRANSACTION_ID, STORE_INVENTORY_ID) VALUES (114, 14, 13, 34, 5);
INSERT INTO INVENTORY_TRANSACTION_ITEMS (INVENTORY_TRANSACTION_ITEM_ID, BEFORE_QUANTITY, AFTER_QUANTITY, INVENTORY_TRANSACTION_ID, STORE_INVENTORY_ID) VALUES (115, 4, 4, 34, 8);
INSERT INTO INVENTORY_TRANSACTION_ITEMS (INVENTORY_TRANSACTION_ITEM_ID, BEFORE_QUANTITY, AFTER_QUANTITY, INVENTORY_TRANSACTION_ID, STORE_INVENTORY_ID) VALUES (116, 29, 25, 35, 2);
INSERT INTO INVENTORY_TRANSACTION_ITEMS (INVENTORY_TRANSACTION_ITEM_ID, BEFORE_QUANTITY, AFTER_QUANTITY, INVENTORY_TRANSACTION_ID, STORE_INVENTORY_ID) VALUES (117, 13, 12, 35, 5);
INSERT INTO INVENTORY_TRANSACTION_ITEMS (INVENTORY_TRANSACTION_ITEM_ID, BEFORE_QUANTITY, AFTER_QUANTITY, INVENTORY_TRANSACTION_ID, STORE_INVENTORY_ID) VALUES (118, 4, 3, 35, 8);
INSERT INTO INVENTORY_TRANSACTION_ITEMS (INVENTORY_TRANSACTION_ITEM_ID, BEFORE_QUANTITY, AFTER_QUANTITY, INVENTORY_TRANSACTION_ID, STORE_INVENTORY_ID) VALUES (119, 25, 20, 36, 2);
INSERT INTO INVENTORY_TRANSACTION_ITEMS (INVENTORY_TRANSACTION_ITEM_ID, BEFORE_QUANTITY, AFTER_QUANTITY, INVENTORY_TRANSACTION_ID, STORE_INVENTORY_ID) VALUES (120, 12, 11, 36, 5);
INSERT INTO INVENTORY_TRANSACTION_ITEMS (INVENTORY_TRANSACTION_ITEM_ID, BEFORE_QUANTITY, AFTER_QUANTITY, INVENTORY_TRANSACTION_ID, STORE_INVENTORY_ID) VALUES (121, 3, 2, 36, 8);
INSERT INTO INVENTORY_TRANSACTION_ITEMS (INVENTORY_TRANSACTION_ITEM_ID, BEFORE_QUANTITY, AFTER_QUANTITY, INVENTORY_TRANSACTION_ID, STORE_INVENTORY_ID) VALUES (122, 20, 16, 37, 2);
INSERT INTO INVENTORY_TRANSACTION_ITEMS (INVENTORY_TRANSACTION_ITEM_ID, BEFORE_QUANTITY, AFTER_QUANTITY, INVENTORY_TRANSACTION_ID, STORE_INVENTORY_ID) VALUES (123, 11, 9, 37, 5);
INSERT INTO INVENTORY_TRANSACTION_ITEMS (INVENTORY_TRANSACTION_ITEM_ID, BEFORE_QUANTITY, AFTER_QUANTITY, INVENTORY_TRANSACTION_ID, STORE_INVENTORY_ID) VALUES (124, 2, 2, 37, 8);
INSERT INTO INVENTORY_TRANSACTION_ITEMS (INVENTORY_TRANSACTION_ITEM_ID, BEFORE_QUANTITY, AFTER_QUANTITY, INVENTORY_TRANSACTION_ID, STORE_INVENTORY_ID) VALUES (125, 16, 12, 38, 2);
INSERT INTO INVENTORY_TRANSACTION_ITEMS (INVENTORY_TRANSACTION_ITEM_ID, BEFORE_QUANTITY, AFTER_QUANTITY, INVENTORY_TRANSACTION_ID, STORE_INVENTORY_ID) VALUES (126, 10, 10, 38, 5);
INSERT INTO INVENTORY_TRANSACTION_ITEMS (INVENTORY_TRANSACTION_ITEM_ID, BEFORE_QUANTITY, AFTER_QUANTITY, INVENTORY_TRANSACTION_ID, STORE_INVENTORY_ID) VALUES (127, 2, 1, 38, 8);
INSERT INTO INVENTORY_TRANSACTION_ITEMS (INVENTORY_TRANSACTION_ITEM_ID, BEFORE_QUANTITY, AFTER_QUANTITY, INVENTORY_TRANSACTION_ID, STORE_INVENTORY_ID) VALUES (128, 13, 12, 39, 2);
INSERT INTO INVENTORY_TRANSACTION_ITEMS (INVENTORY_TRANSACTION_ITEM_ID, BEFORE_QUANTITY, AFTER_QUANTITY, INVENTORY_TRANSACTION_ID, STORE_INVENTORY_ID) VALUES (129, 11, 10, 39, 5);
INSERT INTO INVENTORY_TRANSACTION_ITEMS (INVENTORY_TRANSACTION_ITEM_ID, BEFORE_QUANTITY, AFTER_QUANTITY, INVENTORY_TRANSACTION_ID, STORE_INVENTORY_ID) VALUES (130, 2, 0, 39, 8);
INSERT INTO INVENTORY_TRANSACTION_ITEMS (INVENTORY_TRANSACTION_ITEM_ID, BEFORE_QUANTITY, AFTER_QUANTITY, INVENTORY_TRANSACTION_ID, STORE_INVENTORY_ID) VALUES (131, 17, 16, 40, 18);
INSERT INTO INVENTORY_TRANSACTION_ITEMS (INVENTORY_TRANSACTION_ITEM_ID, BEFORE_QUANTITY, AFTER_QUANTITY, INVENTORY_TRANSACTION_ID, STORE_INVENTORY_ID) VALUES (132, 50, 49, 40, 24);
INSERT INTO INVENTORY_TRANSACTION_ITEMS (INVENTORY_TRANSACTION_ITEM_ID, BEFORE_QUANTITY, AFTER_QUANTITY, INVENTORY_TRANSACTION_ID, STORE_INVENTORY_ID) VALUES (133, 14, 14, 40, 27);
INSERT INTO INVENTORY_TRANSACTION_ITEMS (INVENTORY_TRANSACTION_ITEM_ID, BEFORE_QUANTITY, AFTER_QUANTITY, INVENTORY_TRANSACTION_ID, STORE_INVENTORY_ID) VALUES (134, 16, 15, 41, 18);
INSERT INTO INVENTORY_TRANSACTION_ITEMS (INVENTORY_TRANSACTION_ITEM_ID, BEFORE_QUANTITY, AFTER_QUANTITY, INVENTORY_TRANSACTION_ID, STORE_INVENTORY_ID) VALUES (135, 52, 50, 41, 24);
INSERT INTO INVENTORY_TRANSACTION_ITEMS (INVENTORY_TRANSACTION_ITEM_ID, BEFORE_QUANTITY, AFTER_QUANTITY, INVENTORY_TRANSACTION_ID, STORE_INVENTORY_ID) VALUES (136, 14, 13, 41, 27);
INSERT INTO INVENTORY_TRANSACTION_ITEMS (INVENTORY_TRANSACTION_ITEM_ID, BEFORE_QUANTITY, AFTER_QUANTITY, INVENTORY_TRANSACTION_ID, STORE_INVENTORY_ID) VALUES (137, 15, 14, 42, 18);
INSERT INTO INVENTORY_TRANSACTION_ITEMS (INVENTORY_TRANSACTION_ITEM_ID, BEFORE_QUANTITY, AFTER_QUANTITY, INVENTORY_TRANSACTION_ID, STORE_INVENTORY_ID) VALUES (138, 50, 48, 42, 24);
INSERT INTO INVENTORY_TRANSACTION_ITEMS (INVENTORY_TRANSACTION_ITEM_ID, BEFORE_QUANTITY, AFTER_QUANTITY, INVENTORY_TRANSACTION_ID, STORE_INVENTORY_ID) VALUES (139, 13, 13, 42, 27);
INSERT INTO INVENTORY_TRANSACTION_ITEMS (INVENTORY_TRANSACTION_ITEM_ID, BEFORE_QUANTITY, AFTER_QUANTITY, INVENTORY_TRANSACTION_ID, STORE_INVENTORY_ID) VALUES (140, 18, 14, 43, 30);
INSERT INTO INVENTORY_TRANSACTION_ITEMS (INVENTORY_TRANSACTION_ITEM_ID, BEFORE_QUANTITY, AFTER_QUANTITY, INVENTORY_TRANSACTION_ID, STORE_INVENTORY_ID) VALUES (141, 4, 1, 43, 36);
INSERT INTO INVENTORY_TRANSACTION_ITEMS (INVENTORY_TRANSACTION_ITEM_ID, BEFORE_QUANTITY, AFTER_QUANTITY, INVENTORY_TRANSACTION_ID, STORE_INVENTORY_ID) VALUES (142, 16, 14, 43, 39);
INSERT INTO INVENTORY_TRANSACTION_ITEMS (INVENTORY_TRANSACTION_ITEM_ID, BEFORE_QUANTITY, AFTER_QUANTITY, INVENTORY_TRANSACTION_ID, STORE_INVENTORY_ID) VALUES (143, 14, 12, 44, 30);
INSERT INTO INVENTORY_TRANSACTION_ITEMS (INVENTORY_TRANSACTION_ITEM_ID, BEFORE_QUANTITY, AFTER_QUANTITY, INVENTORY_TRANSACTION_ID, STORE_INVENTORY_ID) VALUES (144, 1, 0, 44, 36);
INSERT INTO INVENTORY_TRANSACTION_ITEMS (INVENTORY_TRANSACTION_ITEM_ID, BEFORE_QUANTITY, AFTER_QUANTITY, INVENTORY_TRANSACTION_ID, STORE_INVENTORY_ID) VALUES (145, 12, 10, 44, 39);
