-- =========================================================
-- 50_seed_closing.sql
-- 역할:
--   - 점포 마감 전용 시나리오 데이터 시딩
-- 담당 범위:
--   - STORE_CLOSINGS
--   - STORE_CLOSING_ITEMS
--   - INVENTORY_TRANSACTIONS (STORE_CLOSING)
--   - INVENTORY_TRANSACTION_ITEMS
-- 작성 원칙:
--   - PL/SQL 없이 수동 INSERT만 사용
--   - 연중무휴 운영을 기준으로 연속 일자 마감 구성
--   - 마감 상세는 대표 자재만 기록
-- =========================================================

-- 강남점 15일 연속 마감
INSERT INTO STORE_CLOSINGS (STORE_CLOSING_ID, BUSINESS_DATE, CLOSING_MEMO, CLOSED_AT, STORE_ID) VALUES (1, TRUNC(DATE '2026-06-17') - 14, '오픈 주간 첫 마감', TRUNC(DATE '2026-06-17') - 14 + (22 / 24), 1);
INSERT INTO STORE_CLOSINGS (STORE_CLOSING_ID, BUSINESS_DATE, CLOSING_MEMO, CLOSED_AT, STORE_ID) VALUES (2, TRUNC(DATE '2026-06-17') - 13, '수요일 발주 직후 마감', TRUNC(DATE '2026-06-17') - 13 + (22 / 24), 1);
INSERT INTO STORE_CLOSINGS (STORE_CLOSING_ID, BUSINESS_DATE, CLOSING_MEMO, CLOSED_AT, STORE_ID) VALUES (3, TRUNC(DATE '2026-06-17') - 12, '평일 판매 흐름 점검 마감', TRUNC(DATE '2026-06-17') - 12 + (22 / 24), 1);
INSERT INTO STORE_CLOSINGS (STORE_CLOSING_ID, BUSINESS_DATE, CLOSING_MEMO, CLOSED_AT, STORE_ID) VALUES (4, TRUNC(DATE '2026-06-17') - 11, '금요일 발주 입고 후 마감', TRUNC(DATE '2026-06-17') - 11 + (22 / 24), 1);
INSERT INTO STORE_CLOSINGS (STORE_CLOSING_ID, BUSINESS_DATE, CLOSING_MEMO, CLOSED_AT, STORE_ID) VALUES (5, TRUNC(DATE '2026-06-17') - 10, '주말 첫 영업 반영 마감', TRUNC(DATE '2026-06-17') - 10 + (22 / 24), 1);
INSERT INTO STORE_CLOSINGS (STORE_CLOSING_ID, BUSINESS_DATE, CLOSING_MEMO, CLOSED_AT, STORE_ID) VALUES (6, TRUNC(DATE '2026-06-17') - 9, '주말 둘째 날 마감', TRUNC(DATE '2026-06-17') - 9 + (22 / 24), 1);
INSERT INTO STORE_CLOSINGS (STORE_CLOSING_ID, BUSINESS_DATE, CLOSING_MEMO, CLOSED_AT, STORE_ID) VALUES (7, TRUNC(DATE '2026-06-17') - 8, '월요일 재고 안정화 마감', TRUNC(DATE '2026-06-17') - 8 + (22 / 24), 1);
INSERT INTO STORE_CLOSINGS (STORE_CLOSING_ID, BUSINESS_DATE, CLOSING_MEMO, CLOSED_AT, STORE_ID) VALUES (8, TRUNC(DATE '2026-06-17') - 7, '화요일 판매량 반영 마감', TRUNC(DATE '2026-06-17') - 7 + (22 / 24), 1);
INSERT INTO STORE_CLOSINGS (STORE_CLOSING_ID, BUSINESS_DATE, CLOSING_MEMO, CLOSED_AT, STORE_ID) VALUES (9, TRUNC(DATE '2026-06-17') - 6, '수요일 추가 발주 직후 마감', TRUNC(DATE '2026-06-17') - 6 + (22 / 24), 1);
INSERT INTO STORE_CLOSINGS (STORE_CLOSING_ID, BUSINESS_DATE, CLOSING_MEMO, CLOSED_AT, STORE_ID) VALUES (10, TRUNC(DATE '2026-06-17') - 5, '부분 승인 결과 확인 마감', TRUNC(DATE '2026-06-17') - 5 + (22 / 24), 1);
INSERT INTO STORE_CLOSINGS (STORE_CLOSING_ID, BUSINESS_DATE, CLOSING_MEMO, CLOSED_AT, STORE_ID) VALUES (11, TRUNC(DATE '2026-06-17') - 4, '중간 보충 입고 후 마감', TRUNC(DATE '2026-06-17') - 4 + (22 / 24), 1);
INSERT INTO STORE_CLOSINGS (STORE_CLOSING_ID, BUSINESS_DATE, CLOSING_MEMO, CLOSED_AT, STORE_ID) VALUES (12, TRUNC(DATE '2026-06-17') - 3, '폐기 발생 반영 마감', TRUNC(DATE '2026-06-17') - 3 + (22 / 24), 1);
INSERT INTO STORE_CLOSINGS (STORE_CLOSING_ID, BUSINESS_DATE, CLOSING_MEMO, CLOSED_AT, STORE_ID) VALUES (13, TRUNC(DATE '2026-06-17') - 2, '부족 재고 경고 직전 마감', TRUNC(DATE '2026-06-17') - 2 + (22 / 24), 1);
INSERT INTO STORE_CLOSINGS (STORE_CLOSING_ID, BUSINESS_DATE, CLOSING_MEMO, CLOSED_AT, STORE_ID) VALUES (14, TRUNC(DATE '2026-06-17') - 1, '패티와 베이컨 부족 확인 후 마감', TRUNC(DATE '2026-06-17') - 1 + (22 / 24), 1);

-- 동대문점 4일 연속 마감
INSERT INTO STORE_CLOSINGS (STORE_CLOSING_ID, BUSINESS_DATE, CLOSING_MEMO, CLOSED_AT, STORE_ID) VALUES (16, TRUNC(DATE '2026-06-17') - 3, '일일 판매 내역 반영 마감', TRUNC(DATE '2026-06-17') - 3 + (22 / 24), 2);
INSERT INTO STORE_CLOSINGS (STORE_CLOSING_ID, BUSINESS_DATE, CLOSING_MEMO, CLOSED_AT, STORE_ID) VALUES (17, TRUNC(DATE '2026-06-17') - 2, '정상 판매 흐름 반영 마감', TRUNC(DATE '2026-06-17') - 2 + (22 / 24), 2);
INSERT INTO STORE_CLOSINGS (STORE_CLOSING_ID, BUSINESS_DATE, CLOSING_MEMO, CLOSED_AT, STORE_ID) VALUES (18, TRUNC(DATE '2026-06-17') - 1, '소량 보충 전 마감', TRUNC(DATE '2026-06-17') - 1 + (22 / 24), 2);
INSERT INTO STORE_CLOSINGS (STORE_CLOSING_ID, BUSINESS_DATE, CLOSING_MEMO, CLOSED_AT, STORE_ID) VALUES (19, TRUNC(DATE '2026-06-17'), '영업 종료 후 일일 마감', TRUNC(DATE '2026-06-17') + (21 / 24), 2);

-- 종로점 3일 연속 마감
INSERT INTO STORE_CLOSINGS (STORE_CLOSING_ID, BUSINESS_DATE, CLOSING_MEMO, CLOSED_AT, STORE_ID) VALUES (20, TRUNC(DATE '2026-06-17') - 2, '부족 재고가 누적된 상태 마감', TRUNC(DATE '2026-06-17') - 2 + (22 / 24), 3);
INSERT INTO STORE_CLOSINGS (STORE_CLOSING_ID, BUSINESS_DATE, CLOSING_MEMO, CLOSED_AT, STORE_ID) VALUES (21, TRUNC(DATE '2026-06-17') - 1, '미답변 문의 직전 마감', TRUNC(DATE '2026-06-17') - 1 + (22 / 24), 3);
INSERT INTO STORE_CLOSINGS (STORE_CLOSING_ID, BUSINESS_DATE, CLOSING_MEMO, CLOSED_AT, STORE_ID) VALUES (22, TRUNC(DATE '2026-06-17'), '부족 재고 확인 후 영업 마감', TRUNC(DATE '2026-06-17') + (21 / 24), 3);

-- 강남점 마감 상세
INSERT INTO STORE_CLOSING_ITEMS (STORE_CLOSING_ITEM_ID, SYSTEM_QUANTITY, PHYSICAL_QUANTITY, DISPOSAL_QUANTITY, CLOSING_ITEM_MEMO, MATERIAL_NAME_SNAPSHOT, STORE_CLOSING_ID, STORE_INVENTORY_ID) VALUES (1, 34, 32, 0, '패티 사용량 반영', '비프패티', 1, 2);
INSERT INTO STORE_CLOSING_ITEMS (STORE_CLOSING_ITEM_ID, SYSTEM_QUANTITY, PHYSICAL_QUANTITY, DISPOSAL_QUANTITY, CLOSING_ITEM_MEMO, MATERIAL_NAME_SNAPSHOT, STORE_CLOSING_ID, STORE_INVENTORY_ID) VALUES (2, 20, 18, 0, '토마토 정상 소진', '토마토', 1, 5);
INSERT INTO STORE_CLOSING_ITEMS (STORE_CLOSING_ITEM_ID, SYSTEM_QUANTITY, PHYSICAL_QUANTITY, DISPOSAL_QUANTITY, CLOSING_ITEM_MEMO, MATERIAL_NAME_SNAPSHOT, STORE_CLOSING_ID, STORE_INVENTORY_ID) VALUES (3, 11, 10, 0, '베이컨 판매 반영', '베이컨', 1, 8);
INSERT INTO STORE_CLOSING_ITEMS (STORE_CLOSING_ITEM_ID, SYSTEM_QUANTITY, PHYSICAL_QUANTITY, DISPOSAL_QUANTITY, CLOSING_ITEM_MEMO, MATERIAL_NAME_SNAPSHOT, STORE_CLOSING_ID, STORE_INVENTORY_ID) VALUES (4, 32, 31, 0, '평일 판매량 반영', '비프패티', 2, 2);
INSERT INTO STORE_CLOSING_ITEMS (STORE_CLOSING_ITEM_ID, SYSTEM_QUANTITY, PHYSICAL_QUANTITY, DISPOSAL_QUANTITY, CLOSING_ITEM_MEMO, MATERIAL_NAME_SNAPSHOT, STORE_CLOSING_ID, STORE_INVENTORY_ID) VALUES (5, 18, 17, 0, '토마토 잔량 감소', '토마토', 2, 5);
INSERT INTO STORE_CLOSING_ITEMS (STORE_CLOSING_ITEM_ID, SYSTEM_QUANTITY, PHYSICAL_QUANTITY, DISPOSAL_QUANTITY, CLOSING_ITEM_MEMO, MATERIAL_NAME_SNAPSHOT, STORE_CLOSING_ID, STORE_INVENTORY_ID) VALUES (6, 10, 9, 0, '베이컨 사용 지속', '베이컨', 2, 8);
INSERT INTO STORE_CLOSING_ITEMS (STORE_CLOSING_ITEM_ID, SYSTEM_QUANTITY, PHYSICAL_QUANTITY, DISPOSAL_QUANTITY, CLOSING_ITEM_MEMO, MATERIAL_NAME_SNAPSHOT, STORE_CLOSING_ID, STORE_INVENTORY_ID) VALUES (7, 31, 30, 0, '판매량 안정 구간', '비프패티', 3, 2);
INSERT INTO STORE_CLOSING_ITEMS (STORE_CLOSING_ITEM_ID, SYSTEM_QUANTITY, PHYSICAL_QUANTITY, DISPOSAL_QUANTITY, CLOSING_ITEM_MEMO, MATERIAL_NAME_SNAPSHOT, STORE_CLOSING_ID, STORE_INVENTORY_ID) VALUES (8, 17, 16, 0, '토마토 정상 소모', '토마토', 3, 5);
INSERT INTO STORE_CLOSING_ITEMS (STORE_CLOSING_ITEM_ID, SYSTEM_QUANTITY, PHYSICAL_QUANTITY, DISPOSAL_QUANTITY, CLOSING_ITEM_MEMO, MATERIAL_NAME_SNAPSHOT, STORE_CLOSING_ID, STORE_INVENTORY_ID) VALUES (9, 9, 8, 0, '베이컨 잔량 감소', '베이컨', 3, 8);
INSERT INTO STORE_CLOSING_ITEMS (STORE_CLOSING_ITEM_ID, SYSTEM_QUANTITY, PHYSICAL_QUANTITY, DISPOSAL_QUANTITY, CLOSING_ITEM_MEMO, MATERIAL_NAME_SNAPSHOT, STORE_CLOSING_ID, STORE_INVENTORY_ID) VALUES (10, 40, 38, 1, '입고 후 사용량과 손실 1개 반영', '비프패티', 4, 2);
INSERT INTO STORE_CLOSING_ITEMS (STORE_CLOSING_ITEM_ID, SYSTEM_QUANTITY, PHYSICAL_QUANTITY, DISPOSAL_QUANTITY, CLOSING_ITEM_MEMO, MATERIAL_NAME_SNAPSHOT, STORE_CLOSING_ID, STORE_INVENTORY_ID) VALUES (11, 19, 18, 0, '입고 반영 후 토마토 정상 소진', '토마토', 4, 5);
INSERT INTO STORE_CLOSING_ITEMS (STORE_CLOSING_ITEM_ID, SYSTEM_QUANTITY, PHYSICAL_QUANTITY, DISPOSAL_QUANTITY, CLOSING_ITEM_MEMO, MATERIAL_NAME_SNAPSHOT, STORE_CLOSING_ID, STORE_INVENTORY_ID) VALUES (12, 10, 9, 0, '입고분 포함 잔량 확인', '베이컨', 4, 8);
INSERT INTO STORE_CLOSING_ITEMS (STORE_CLOSING_ITEM_ID, SYSTEM_QUANTITY, PHYSICAL_QUANTITY, DISPOSAL_QUANTITY, CLOSING_ITEM_MEMO, MATERIAL_NAME_SNAPSHOT, STORE_CLOSING_ID, STORE_INVENTORY_ID) VALUES (13, 37, 35, 0, '주말 첫날 판매 반영', '비프패티', 5, 2);
INSERT INTO STORE_CLOSING_ITEMS (STORE_CLOSING_ITEM_ID, SYSTEM_QUANTITY, PHYSICAL_QUANTITY, DISPOSAL_QUANTITY, CLOSING_ITEM_MEMO, MATERIAL_NAME_SNAPSHOT, STORE_CLOSING_ID, STORE_INVENTORY_ID) VALUES (14, 18, 17, 0, '토마토 주말 사용 증가', '토마토', 5, 5);
INSERT INTO STORE_CLOSING_ITEMS (STORE_CLOSING_ITEM_ID, SYSTEM_QUANTITY, PHYSICAL_QUANTITY, DISPOSAL_QUANTITY, CLOSING_ITEM_MEMO, MATERIAL_NAME_SNAPSHOT, STORE_CLOSING_ID, STORE_INVENTORY_ID) VALUES (15, 9, 8, 0, '베이컨 주말 판매량 반영', '베이컨', 5, 8);
INSERT INTO STORE_CLOSING_ITEMS (STORE_CLOSING_ITEM_ID, SYSTEM_QUANTITY, PHYSICAL_QUANTITY, DISPOSAL_QUANTITY, CLOSING_ITEM_MEMO, MATERIAL_NAME_SNAPSHOT, STORE_CLOSING_ID, STORE_INVENTORY_ID) VALUES (16, 35, 33, 1, '주말 둘째 날 손실 1개 반영', '비프패티', 6, 2);
INSERT INTO STORE_CLOSING_ITEMS (STORE_CLOSING_ITEM_ID, SYSTEM_QUANTITY, PHYSICAL_QUANTITY, DISPOSAL_QUANTITY, CLOSING_ITEM_MEMO, MATERIAL_NAME_SNAPSHOT, STORE_CLOSING_ID, STORE_INVENTORY_ID) VALUES (17, 17, 16, 0, '토마토 주말 소진', '토마토', 6, 5);
INSERT INTO STORE_CLOSING_ITEMS (STORE_CLOSING_ITEM_ID, SYSTEM_QUANTITY, PHYSICAL_QUANTITY, DISPOSAL_QUANTITY, CLOSING_ITEM_MEMO, MATERIAL_NAME_SNAPSHOT, STORE_CLOSING_ID, STORE_INVENTORY_ID) VALUES (18, 8, 7, 0, '베이컨 잔량 감소', '베이컨', 6, 8);
INSERT INTO STORE_CLOSING_ITEMS (STORE_CLOSING_ITEM_ID, SYSTEM_QUANTITY, PHYSICAL_QUANTITY, DISPOSAL_QUANTITY, CLOSING_ITEM_MEMO, MATERIAL_NAME_SNAPSHOT, STORE_CLOSING_ID, STORE_INVENTORY_ID) VALUES (19, 33, 30, 0, '월요일 판매량 안정화 반영', '비프패티', 7, 2);
INSERT INTO STORE_CLOSING_ITEMS (STORE_CLOSING_ITEM_ID, SYSTEM_QUANTITY, PHYSICAL_QUANTITY, DISPOSAL_QUANTITY, CLOSING_ITEM_MEMO, MATERIAL_NAME_SNAPSHOT, STORE_CLOSING_ID, STORE_INVENTORY_ID) VALUES (20, 16, 15, 0, '토마토 재고 완만한 감소', '토마토', 7, 5);
INSERT INTO STORE_CLOSING_ITEMS (STORE_CLOSING_ITEM_ID, SYSTEM_QUANTITY, PHYSICAL_QUANTITY, DISPOSAL_QUANTITY, CLOSING_ITEM_MEMO, MATERIAL_NAME_SNAPSHOT, STORE_CLOSING_ID, STORE_INVENTORY_ID) VALUES (21, 7, 6, 0, '베이컨 정상 소진', '베이컨', 7, 8);
INSERT INTO STORE_CLOSING_ITEMS (STORE_CLOSING_ITEM_ID, SYSTEM_QUANTITY, PHYSICAL_QUANTITY, DISPOSAL_QUANTITY, CLOSING_ITEM_MEMO, MATERIAL_NAME_SNAPSHOT, STORE_CLOSING_ID, STORE_INVENTORY_ID) VALUES (22, 30, 28, 0, '화요일 판매량 반영', '비프패티', 8, 2);
INSERT INTO STORE_CLOSING_ITEMS (STORE_CLOSING_ITEM_ID, SYSTEM_QUANTITY, PHYSICAL_QUANTITY, DISPOSAL_QUANTITY, CLOSING_ITEM_MEMO, MATERIAL_NAME_SNAPSHOT, STORE_CLOSING_ID, STORE_INVENTORY_ID) VALUES (23, 15, 14, 0, '토마토 잔량 점검', '토마토', 8, 5);
INSERT INTO STORE_CLOSING_ITEMS (STORE_CLOSING_ITEM_ID, SYSTEM_QUANTITY, PHYSICAL_QUANTITY, DISPOSAL_QUANTITY, CLOSING_ITEM_MEMO, MATERIAL_NAME_SNAPSHOT, STORE_CLOSING_ID, STORE_INVENTORY_ID) VALUES (24, 6, 5, 0, '베이컨 부족 단계 진입', '베이컨', 8, 8);
INSERT INTO STORE_CLOSING_ITEMS (STORE_CLOSING_ITEM_ID, SYSTEM_QUANTITY, PHYSICAL_QUANTITY, DISPOSAL_QUANTITY, CLOSING_ITEM_MEMO, MATERIAL_NAME_SNAPSHOT, STORE_CLOSING_ID, STORE_INVENTORY_ID) VALUES (25, 28, 27, 0, '수요일 발주 후 판매만 반영', '비프패티', 9, 2);
INSERT INTO STORE_CLOSING_ITEMS (STORE_CLOSING_ITEM_ID, SYSTEM_QUANTITY, PHYSICAL_QUANTITY, DISPOSAL_QUANTITY, CLOSING_ITEM_MEMO, MATERIAL_NAME_SNAPSHOT, STORE_CLOSING_ID, STORE_INVENTORY_ID) VALUES (26, 14, 14, 0, '토마토 잔량 유지', '토마토', 9, 5);
INSERT INTO STORE_CLOSING_ITEMS (STORE_CLOSING_ITEM_ID, SYSTEM_QUANTITY, PHYSICAL_QUANTITY, DISPOSAL_QUANTITY, CLOSING_ITEM_MEMO, MATERIAL_NAME_SNAPSHOT, STORE_CLOSING_ID, STORE_INVENTORY_ID) VALUES (27, 5, 5, 0, '베이컨 사용 적음', '베이컨', 9, 8);
INSERT INTO STORE_CLOSING_ITEMS (STORE_CLOSING_ITEM_ID, SYSTEM_QUANTITY, PHYSICAL_QUANTITY, DISPOSAL_QUANTITY, CLOSING_ITEM_MEMO, MATERIAL_NAME_SNAPSHOT, STORE_CLOSING_ID, STORE_INVENTORY_ID) VALUES (28, 27, 24, 1, '부분 승인 전후 사용량과 손실 반영', '비프패티', 10, 2);
INSERT INTO STORE_CLOSING_ITEMS (STORE_CLOSING_ITEM_ID, SYSTEM_QUANTITY, PHYSICAL_QUANTITY, DISPOSAL_QUANTITY, CLOSING_ITEM_MEMO, MATERIAL_NAME_SNAPSHOT, STORE_CLOSING_ID, STORE_INVENTORY_ID) VALUES (29, 14, 13, 0, '토마토 소진 추세 유지', '토마토', 10, 5);
INSERT INTO STORE_CLOSING_ITEMS (STORE_CLOSING_ITEM_ID, SYSTEM_QUANTITY, PHYSICAL_QUANTITY, DISPOSAL_QUANTITY, CLOSING_ITEM_MEMO, MATERIAL_NAME_SNAPSHOT, STORE_CLOSING_ID, STORE_INVENTORY_ID) VALUES (30, 5, 4, 0, '베이컨 재고 감소', '베이컨', 10, 8);
INSERT INTO STORE_CLOSING_ITEMS (STORE_CLOSING_ITEM_ID, SYSTEM_QUANTITY, PHYSICAL_QUANTITY, DISPOSAL_QUANTITY, CLOSING_ITEM_MEMO, MATERIAL_NAME_SNAPSHOT, STORE_CLOSING_ID, STORE_INVENTORY_ID) VALUES (31, 29, 25, 0, '중간 입고분 반영 후 재고 재정렬', '비프패티', 11, 2);
INSERT INTO STORE_CLOSING_ITEMS (STORE_CLOSING_ITEM_ID, SYSTEM_QUANTITY, PHYSICAL_QUANTITY, DISPOSAL_QUANTITY, CLOSING_ITEM_MEMO, MATERIAL_NAME_SNAPSHOT, STORE_CLOSING_ID, STORE_INVENTORY_ID) VALUES (32, 16, 15, 0, '입고 후 토마토 정상 소모', '토마토', 11, 5);
INSERT INTO STORE_CLOSING_ITEMS (STORE_CLOSING_ITEM_ID, SYSTEM_QUANTITY, PHYSICAL_QUANTITY, DISPOSAL_QUANTITY, CLOSING_ITEM_MEMO, MATERIAL_NAME_SNAPSHOT, STORE_CLOSING_ID, STORE_INVENTORY_ID) VALUES (33, 6, 5, 0, '입고 후 베이컨 잔량 확인', '베이컨', 11, 8);
INSERT INTO STORE_CLOSING_ITEMS (STORE_CLOSING_ITEM_ID, SYSTEM_QUANTITY, PHYSICAL_QUANTITY, DISPOSAL_QUANTITY, CLOSING_ITEM_MEMO, MATERIAL_NAME_SNAPSHOT, STORE_CLOSING_ID, STORE_INVENTORY_ID) VALUES (34, 25, 22, 1, '패티 폐기 1개 반영', '비프패티', 12, 2);
INSERT INTO STORE_CLOSING_ITEMS (STORE_CLOSING_ITEM_ID, SYSTEM_QUANTITY, PHYSICAL_QUANTITY, DISPOSAL_QUANTITY, CLOSING_ITEM_MEMO, MATERIAL_NAME_SNAPSHOT, STORE_CLOSING_ID, STORE_INVENTORY_ID) VALUES (35, 15, 15, 1, '토마토 과숙 폐기 1개', '토마토', 12, 5);
INSERT INTO STORE_CLOSING_ITEMS (STORE_CLOSING_ITEM_ID, SYSTEM_QUANTITY, PHYSICAL_QUANTITY, DISPOSAL_QUANTITY, CLOSING_ITEM_MEMO, MATERIAL_NAME_SNAPSHOT, STORE_CLOSING_ID, STORE_INVENTORY_ID) VALUES (36, 5, 3, 0, '베이컨 사용량 급증', '베이컨', 12, 8);
INSERT INTO STORE_CLOSING_ITEMS (STORE_CLOSING_ITEM_ID, SYSTEM_QUANTITY, PHYSICAL_QUANTITY, DISPOSAL_QUANTITY, CLOSING_ITEM_MEMO, MATERIAL_NAME_SNAPSHOT, STORE_CLOSING_ID, STORE_INVENTORY_ID) VALUES (37, 21, 18, 0, '부족 재고 경고 직전 수량', '비프패티', 13, 2);
INSERT INTO STORE_CLOSING_ITEMS (STORE_CLOSING_ITEM_ID, SYSTEM_QUANTITY, PHYSICAL_QUANTITY, DISPOSAL_QUANTITY, CLOSING_ITEM_MEMO, MATERIAL_NAME_SNAPSHOT, STORE_CLOSING_ID, STORE_INVENTORY_ID) VALUES (38, 14, 13, 0, '토마토 최소 정상 수준', '토마토', 13, 5);
INSERT INTO STORE_CLOSING_ITEMS (STORE_CLOSING_ITEM_ID, SYSTEM_QUANTITY, PHYSICAL_QUANTITY, DISPOSAL_QUANTITY, CLOSING_ITEM_MEMO, MATERIAL_NAME_SNAPSHOT, STORE_CLOSING_ID, STORE_INVENTORY_ID) VALUES (39, 3, 2, 0, '베이컨 최소 잔량', '베이컨', 13, 8);
INSERT INTO STORE_CLOSING_ITEMS (STORE_CLOSING_ITEM_ID, SYSTEM_QUANTITY, PHYSICAL_QUANTITY, DISPOSAL_QUANTITY, CLOSING_ITEM_MEMO, MATERIAL_NAME_SNAPSHOT, STORE_CLOSING_ID, STORE_INVENTORY_ID) VALUES (40, 18, 15, 1, '긴급 발주 전 부족 상태 확정', '비프패티', 14, 2);
INSERT INTO STORE_CLOSING_ITEMS (STORE_CLOSING_ITEM_ID, SYSTEM_QUANTITY, PHYSICAL_QUANTITY, DISPOSAL_QUANTITY, CLOSING_ITEM_MEMO, MATERIAL_NAME_SNAPSHOT, STORE_CLOSING_ID, STORE_INVENTORY_ID) VALUES (41, 13, 12, 0, '토마토 안전재고 미만 상태', '토마토', 14, 5);
INSERT INTO STORE_CLOSING_ITEMS (STORE_CLOSING_ITEM_ID, SYSTEM_QUANTITY, PHYSICAL_QUANTITY, DISPOSAL_QUANTITY, CLOSING_ITEM_MEMO, MATERIAL_NAME_SNAPSHOT, STORE_CLOSING_ID, STORE_INVENTORY_ID) VALUES (42, 2, 1, 0, '베이컨 품절 직전', '베이컨', 14, 8);

-- 동대문점 마감 상세
INSERT INTO STORE_CLOSING_ITEMS (STORE_CLOSING_ITEM_ID, SYSTEM_QUANTITY, PHYSICAL_QUANTITY, DISPOSAL_QUANTITY, CLOSING_ITEM_MEMO, MATERIAL_NAME_SNAPSHOT, STORE_CLOSING_ID, STORE_INVENTORY_ID) VALUES (46, 9, 8, 0, '양상추 정상 소진', '양상추', 16, 28);
INSERT INTO STORE_CLOSING_ITEMS (STORE_CLOSING_ITEM_ID, SYSTEM_QUANTITY, PHYSICAL_QUANTITY, DISPOSAL_QUANTITY, CLOSING_ITEM_MEMO, MATERIAL_NAME_SNAPSHOT, STORE_CLOSING_ID, STORE_INVENTORY_ID) VALUES (47, 82, 80, 0, '마요네즈 여유 재고 유지', '마요네즈', 16, 34);
INSERT INTO STORE_CLOSING_ITEMS (STORE_CLOSING_ITEM_ID, SYSTEM_QUANTITY, PHYSICAL_QUANTITY, DISPOSAL_QUANTITY, CLOSING_ITEM_MEMO, MATERIAL_NAME_SNAPSHOT, STORE_CLOSING_ID, STORE_INVENTORY_ID) VALUES (48, 12, 11, 0, '콜라시럽 정상 사용', '콜라시럽', 16, 37);
INSERT INTO STORE_CLOSING_ITEMS (STORE_CLOSING_ITEM_ID, SYSTEM_QUANTITY, PHYSICAL_QUANTITY, DISPOSAL_QUANTITY, CLOSING_ITEM_MEMO, MATERIAL_NAME_SNAPSHOT, STORE_CLOSING_ID, STORE_INVENTORY_ID) VALUES (49, 8, 7, 0, '양상추 잔량 감소', '양상추', 17, 28);
INSERT INTO STORE_CLOSING_ITEMS (STORE_CLOSING_ITEM_ID, SYSTEM_QUANTITY, PHYSICAL_QUANTITY, DISPOSAL_QUANTITY, CLOSING_ITEM_MEMO, MATERIAL_NAME_SNAPSHOT, STORE_CLOSING_ID, STORE_INVENTORY_ID) VALUES (50, 80, 78, 0, '마요네즈 정상 사용', '마요네즈', 17, 34);
INSERT INTO STORE_CLOSING_ITEMS (STORE_CLOSING_ITEM_ID, SYSTEM_QUANTITY, PHYSICAL_QUANTITY, DISPOSAL_QUANTITY, CLOSING_ITEM_MEMO, MATERIAL_NAME_SNAPSHOT, STORE_CLOSING_ID, STORE_INVENTORY_ID) VALUES (51, 11, 10, 0, '콜라시럽 소량 사용', '콜라시럽', 17, 37);
INSERT INTO STORE_CLOSING_ITEMS (STORE_CLOSING_ITEM_ID, SYSTEM_QUANTITY, PHYSICAL_QUANTITY, DISPOSAL_QUANTITY, CLOSING_ITEM_MEMO, MATERIAL_NAME_SNAPSHOT, STORE_CLOSING_ID, STORE_INVENTORY_ID) VALUES (52, 7, 6, 0, '양상추 안전재고 근접', '양상추', 18, 28);
INSERT INTO STORE_CLOSING_ITEMS (STORE_CLOSING_ITEM_ID, SYSTEM_QUANTITY, PHYSICAL_QUANTITY, DISPOSAL_QUANTITY, CLOSING_ITEM_MEMO, MATERIAL_NAME_SNAPSHOT, STORE_CLOSING_ID, STORE_INVENTORY_ID) VALUES (53, 78, 77, 0, '마요네즈 충분', '마요네즈', 18, 34);
INSERT INTO STORE_CLOSING_ITEMS (STORE_CLOSING_ITEM_ID, SYSTEM_QUANTITY, PHYSICAL_QUANTITY, DISPOSAL_QUANTITY, CLOSING_ITEM_MEMO, MATERIAL_NAME_SNAPSHOT, STORE_CLOSING_ID, STORE_INVENTORY_ID) VALUES (54, 10, 10, 0, '콜라시럽 경계값 유지', '콜라시럽', 18, 37);
INSERT INTO STORE_CLOSING_ITEMS (STORE_CLOSING_ITEM_ID, SYSTEM_QUANTITY, PHYSICAL_QUANTITY, DISPOSAL_QUANTITY, CLOSING_ITEM_MEMO, MATERIAL_NAME_SNAPSHOT, STORE_CLOSING_ID, STORE_INVENTORY_ID) VALUES (55, 6, 5, 0, '양상추 부족 상태 확정', '양상추', 19, 28);
INSERT INTO STORE_CLOSING_ITEMS (STORE_CLOSING_ITEM_ID, SYSTEM_QUANTITY, PHYSICAL_QUANTITY, DISPOSAL_QUANTITY, CLOSING_ITEM_MEMO, MATERIAL_NAME_SNAPSHOT, STORE_CLOSING_ID, STORE_INVENTORY_ID) VALUES (56, 77, 75, 0, '마요네즈 재고 안정적', '마요네즈', 19, 34);
INSERT INTO STORE_CLOSING_ITEMS (STORE_CLOSING_ITEM_ID, SYSTEM_QUANTITY, PHYSICAL_QUANTITY, DISPOSAL_QUANTITY, CLOSING_ITEM_MEMO, MATERIAL_NAME_SNAPSHOT, STORE_CLOSING_ID, STORE_INVENTORY_ID) VALUES (57, 10, 9, 0, '콜라시럽 소량 감소', '콜라시럽', 19, 37);

-- 종로점 마감 상세
INSERT INTO STORE_CLOSING_ITEMS (STORE_CLOSING_ITEM_ID, SYSTEM_QUANTITY, PHYSICAL_QUANTITY, DISPOSAL_QUANTITY, CLOSING_ITEM_MEMO, MATERIAL_NAME_SNAPSHOT, STORE_CLOSING_ID, STORE_INVENTORY_ID) VALUES (58, 118, 116, 1, '패티 실사 차이와 손실 반영', '비프패티', 20, 50);
INSERT INTO STORE_CLOSING_ITEMS (STORE_CLOSING_ITEM_ID, SYSTEM_QUANTITY, PHYSICAL_QUANTITY, DISPOSAL_QUANTITY, CLOSING_ITEM_MEMO, MATERIAL_NAME_SNAPSHOT, STORE_CLOSING_ID, STORE_INVENTORY_ID) VALUES (59, 74, 72, 0, '베이컨 빠른 소진', '베이컨', 20, 56);
INSERT INTO STORE_CLOSING_ITEMS (STORE_CLOSING_ITEM_ID, SYSTEM_QUANTITY, PHYSICAL_QUANTITY, DISPOSAL_QUANTITY, CLOSING_ITEM_MEMO, MATERIAL_NAME_SNAPSHOT, STORE_CLOSING_ID, STORE_INVENTORY_ID) VALUES (60, 52, 50, 0, '감자튀김 사용량 증가', '감자튀김', 20, 59);
INSERT INTO STORE_CLOSING_ITEMS (STORE_CLOSING_ITEM_ID, SYSTEM_QUANTITY, PHYSICAL_QUANTITY, DISPOSAL_QUANTITY, CLOSING_ITEM_MEMO, MATERIAL_NAME_SNAPSHOT, STORE_CLOSING_ID, STORE_INVENTORY_ID) VALUES (61, 115, 112, 1, '패티 폐기 반영 후 부족 추세', '비프패티', 21, 50);
INSERT INTO STORE_CLOSING_ITEMS (STORE_CLOSING_ITEM_ID, SYSTEM_QUANTITY, PHYSICAL_QUANTITY, DISPOSAL_QUANTITY, CLOSING_ITEM_MEMO, MATERIAL_NAME_SNAPSHOT, STORE_CLOSING_ID, STORE_INVENTORY_ID) VALUES (62, 72, 71, 0, '베이컨 잔량 감소', '베이컨', 21, 56);
INSERT INTO STORE_CLOSING_ITEMS (STORE_CLOSING_ITEM_ID, SYSTEM_QUANTITY, PHYSICAL_QUANTITY, DISPOSAL_QUANTITY, CLOSING_ITEM_MEMO, MATERIAL_NAME_SNAPSHOT, STORE_CLOSING_ID, STORE_INVENTORY_ID) VALUES (63, 50, 49, 0, '감자튀김 부족 직전', '감자튀김', 21, 59);
INSERT INTO STORE_CLOSING_ITEMS (STORE_CLOSING_ITEM_ID, SYSTEM_QUANTITY, PHYSICAL_QUANTITY, DISPOSAL_QUANTITY, CLOSING_ITEM_MEMO, MATERIAL_NAME_SNAPSHOT, STORE_CLOSING_ID, STORE_INVENTORY_ID) VALUES (64, 111, 110, 0, '패티 최종 잔량 확인', '비프패티', 22, 50);
INSERT INTO STORE_CLOSING_ITEMS (STORE_CLOSING_ITEM_ID, SYSTEM_QUANTITY, PHYSICAL_QUANTITY, DISPOSAL_QUANTITY, CLOSING_ITEM_MEMO, MATERIAL_NAME_SNAPSHOT, STORE_CLOSING_ID, STORE_INVENTORY_ID) VALUES (65, 71, 70, 0, '베이컨 최종 잔량 확인', '베이컨', 22, 56);
INSERT INTO STORE_CLOSING_ITEMS (STORE_CLOSING_ITEM_ID, SYSTEM_QUANTITY, PHYSICAL_QUANTITY, DISPOSAL_QUANTITY, CLOSING_ITEM_MEMO, MATERIAL_NAME_SNAPSHOT, STORE_CLOSING_ID, STORE_INVENTORY_ID) VALUES (66, 49, 48, 0, '감자튀김 최종 잔량 확인', '감자튀김', 22, 59);

-- 마감 연동 재고변동
INSERT INTO INVENTORY_TRANSACTIONS (INVENTORY_TRANSACTION_ID, TRANSACTION_TYPE, REASON, TRANSACTION_MEMO, CREATED_AT, CREATED_BY, STORE_ID, RECEIPT_ID, STORE_CLOSING_ID) VALUES (30, 'STORE_CLOSING', '일일 마감 반영', '강남점 D-14 마감 반영', TRUNC(DATE '2026-06-17') - 14 + (22 / 24), 2, 1, NULL, 1);
INSERT INTO INVENTORY_TRANSACTIONS (INVENTORY_TRANSACTION_ID, TRANSACTION_TYPE, REASON, TRANSACTION_MEMO, CREATED_AT, CREATED_BY, STORE_ID, RECEIPT_ID, STORE_CLOSING_ID) VALUES (31, 'STORE_CLOSING', '일일 마감 반영', '강남점 D-13 마감 반영', TRUNC(DATE '2026-06-17') - 13 + (22 / 24), 2, 1, NULL, 2);
INSERT INTO INVENTORY_TRANSACTIONS (INVENTORY_TRANSACTION_ID, TRANSACTION_TYPE, REASON, TRANSACTION_MEMO, CREATED_AT, CREATED_BY, STORE_ID, RECEIPT_ID, STORE_CLOSING_ID) VALUES (32, 'STORE_CLOSING', '일일 마감 반영', '강남점 D-12 마감 반영', TRUNC(DATE '2026-06-17') - 12 + (22 / 24), 2, 1, NULL, 3);
INSERT INTO INVENTORY_TRANSACTIONS (INVENTORY_TRANSACTION_ID, TRANSACTION_TYPE, REASON, TRANSACTION_MEMO, CREATED_AT, CREATED_BY, STORE_ID, RECEIPT_ID, STORE_CLOSING_ID) VALUES (33, 'STORE_CLOSING', '일일 마감 반영', '강남점 D-11 마감 반영', TRUNC(DATE '2026-06-17') - 11 + (22 / 24), 2, 1, NULL, 4);
INSERT INTO INVENTORY_TRANSACTIONS (INVENTORY_TRANSACTION_ID, TRANSACTION_TYPE, REASON, TRANSACTION_MEMO, CREATED_AT, CREATED_BY, STORE_ID, RECEIPT_ID, STORE_CLOSING_ID) VALUES (34, 'STORE_CLOSING', '일일 마감 반영', '강남점 D-10 마감 반영', TRUNC(DATE '2026-06-17') - 10 + (22 / 24), 2, 1, NULL, 5);
INSERT INTO INVENTORY_TRANSACTIONS (INVENTORY_TRANSACTION_ID, TRANSACTION_TYPE, REASON, TRANSACTION_MEMO, CREATED_AT, CREATED_BY, STORE_ID, RECEIPT_ID, STORE_CLOSING_ID) VALUES (35, 'STORE_CLOSING', '일일 마감 반영', '강남점 D-9 마감 반영', TRUNC(DATE '2026-06-17') - 9 + (22 / 24), 2, 1, NULL, 6);
INSERT INTO INVENTORY_TRANSACTIONS (INVENTORY_TRANSACTION_ID, TRANSACTION_TYPE, REASON, TRANSACTION_MEMO, CREATED_AT, CREATED_BY, STORE_ID, RECEIPT_ID, STORE_CLOSING_ID) VALUES (36, 'STORE_CLOSING', '일일 마감 반영', '강남점 D-8 마감 반영', TRUNC(DATE '2026-06-17') - 8 + (22 / 24), 2, 1, NULL, 7);
INSERT INTO INVENTORY_TRANSACTIONS (INVENTORY_TRANSACTION_ID, TRANSACTION_TYPE, REASON, TRANSACTION_MEMO, CREATED_AT, CREATED_BY, STORE_ID, RECEIPT_ID, STORE_CLOSING_ID) VALUES (37, 'STORE_CLOSING', '일일 마감 반영', '강남점 D-7 마감 반영', TRUNC(DATE '2026-06-17') - 7 + (22 / 24), 2, 1, NULL, 8);
INSERT INTO INVENTORY_TRANSACTIONS (INVENTORY_TRANSACTION_ID, TRANSACTION_TYPE, REASON, TRANSACTION_MEMO, CREATED_AT, CREATED_BY, STORE_ID, RECEIPT_ID, STORE_CLOSING_ID) VALUES (38, 'STORE_CLOSING', '일일 마감 반영', '강남점 D-6 마감 반영', TRUNC(DATE '2026-06-17') - 6 + (22 / 24), 2, 1, NULL, 9);
INSERT INTO INVENTORY_TRANSACTIONS (INVENTORY_TRANSACTION_ID, TRANSACTION_TYPE, REASON, TRANSACTION_MEMO, CREATED_AT, CREATED_BY, STORE_ID, RECEIPT_ID, STORE_CLOSING_ID) VALUES (39, 'STORE_CLOSING', '일일 마감 반영', '강남점 D-5 마감 반영', TRUNC(DATE '2026-06-17') - 5 + (22 / 24), 2, 1, NULL, 10);
INSERT INTO INVENTORY_TRANSACTIONS (INVENTORY_TRANSACTION_ID, TRANSACTION_TYPE, REASON, TRANSACTION_MEMO, CREATED_AT, CREATED_BY, STORE_ID, RECEIPT_ID, STORE_CLOSING_ID) VALUES (40, 'STORE_CLOSING', '일일 마감 반영', '강남점 D-4 마감 반영', TRUNC(DATE '2026-06-17') - 4 + (22 / 24), 2, 1, NULL, 11);
INSERT INTO INVENTORY_TRANSACTIONS (INVENTORY_TRANSACTION_ID, TRANSACTION_TYPE, REASON, TRANSACTION_MEMO, CREATED_AT, CREATED_BY, STORE_ID, RECEIPT_ID, STORE_CLOSING_ID) VALUES (41, 'STORE_CLOSING', '일일 마감 반영', '강남점 D-3 마감 반영', TRUNC(DATE '2026-06-17') - 3 + (22 / 24), 2, 1, NULL, 12);
INSERT INTO INVENTORY_TRANSACTIONS (INVENTORY_TRANSACTION_ID, TRANSACTION_TYPE, REASON, TRANSACTION_MEMO, CREATED_AT, CREATED_BY, STORE_ID, RECEIPT_ID, STORE_CLOSING_ID) VALUES (42, 'STORE_CLOSING', '일일 마감 반영', '강남점 D-2 마감 반영', TRUNC(DATE '2026-06-17') - 2 + (22 / 24), 2, 1, NULL, 13);
INSERT INTO INVENTORY_TRANSACTIONS (INVENTORY_TRANSACTION_ID, TRANSACTION_TYPE, REASON, TRANSACTION_MEMO, CREATED_AT, CREATED_BY, STORE_ID, RECEIPT_ID, STORE_CLOSING_ID) VALUES (43, 'STORE_CLOSING', '일일 마감 반영', '강남점 D-1 마감 반영', TRUNC(DATE '2026-06-17') - 1 + (22 / 24), 2, 1, NULL, 14);
INSERT INTO INVENTORY_TRANSACTIONS (INVENTORY_TRANSACTION_ID, TRANSACTION_TYPE, REASON, TRANSACTION_MEMO, CREATED_AT, CREATED_BY, STORE_ID, RECEIPT_ID, STORE_CLOSING_ID) VALUES (45, 'STORE_CLOSING', '일일 마감 반영', '동대문점 D-3 마감 반영', TRUNC(DATE '2026-06-17') - 3 + (22 / 24), 3, 2, NULL, 16);
INSERT INTO INVENTORY_TRANSACTIONS (INVENTORY_TRANSACTION_ID, TRANSACTION_TYPE, REASON, TRANSACTION_MEMO, CREATED_AT, CREATED_BY, STORE_ID, RECEIPT_ID, STORE_CLOSING_ID) VALUES (46, 'STORE_CLOSING', '일일 마감 반영', '동대문점 D-2 마감 반영', TRUNC(DATE '2026-06-17') - 2 + (22 / 24), 3, 2, NULL, 17);
INSERT INTO INVENTORY_TRANSACTIONS (INVENTORY_TRANSACTION_ID, TRANSACTION_TYPE, REASON, TRANSACTION_MEMO, CREATED_AT, CREATED_BY, STORE_ID, RECEIPT_ID, STORE_CLOSING_ID) VALUES (47, 'STORE_CLOSING', '일일 마감 반영', '동대문점 D-1 마감 반영', TRUNC(DATE '2026-06-17') - 1 + (22 / 24), 3, 2, NULL, 18);
INSERT INTO INVENTORY_TRANSACTIONS (INVENTORY_TRANSACTION_ID, TRANSACTION_TYPE, REASON, TRANSACTION_MEMO, CREATED_AT, CREATED_BY, STORE_ID, RECEIPT_ID, STORE_CLOSING_ID) VALUES (48, 'STORE_CLOSING', '일일 마감 반영', '동대문점 D-0 마감 반영', TRUNC(DATE '2026-06-17') + (21 / 24), 3, 2, NULL, 19);
INSERT INTO INVENTORY_TRANSACTIONS (INVENTORY_TRANSACTION_ID, TRANSACTION_TYPE, REASON, TRANSACTION_MEMO, CREATED_AT, CREATED_BY, STORE_ID, RECEIPT_ID, STORE_CLOSING_ID) VALUES (49, 'STORE_CLOSING', '일일 마감 반영', '종로점 D-2 마감 반영', TRUNC(DATE '2026-06-17') - 2 + (22 / 24), 4, 3, NULL, 20);
INSERT INTO INVENTORY_TRANSACTIONS (INVENTORY_TRANSACTION_ID, TRANSACTION_TYPE, REASON, TRANSACTION_MEMO, CREATED_AT, CREATED_BY, STORE_ID, RECEIPT_ID, STORE_CLOSING_ID) VALUES (50, 'STORE_CLOSING', '일일 마감 반영', '종로점 D-1 마감 반영', TRUNC(DATE '2026-06-17') - 1 + (22 / 24), 4, 3, NULL, 21);
INSERT INTO INVENTORY_TRANSACTIONS (INVENTORY_TRANSACTION_ID, TRANSACTION_TYPE, REASON, TRANSACTION_MEMO, CREATED_AT, CREATED_BY, STORE_ID, RECEIPT_ID, STORE_CLOSING_ID) VALUES (51, 'STORE_CLOSING', '일일 마감 반영', '종로점 D-0 마감 반영', TRUNC(DATE '2026-06-17') + (21 / 24), 4, 3, NULL, 22);

INSERT INTO INVENTORY_TRANSACTION_ITEMS (INVENTORY_TRANSACTION_ITEM_ID, BEFORE_QUANTITY, AFTER_QUANTITY, INVENTORY_TRANSACTION_ID, STORE_INVENTORY_ID) VALUES (101, 34, 32, 30, 2);
INSERT INTO INVENTORY_TRANSACTION_ITEMS (INVENTORY_TRANSACTION_ITEM_ID, BEFORE_QUANTITY, AFTER_QUANTITY, INVENTORY_TRANSACTION_ID, STORE_INVENTORY_ID) VALUES (102, 20, 18, 30, 5);
INSERT INTO INVENTORY_TRANSACTION_ITEMS (INVENTORY_TRANSACTION_ITEM_ID, BEFORE_QUANTITY, AFTER_QUANTITY, INVENTORY_TRANSACTION_ID, STORE_INVENTORY_ID) VALUES (103, 11, 10, 30, 8);
INSERT INTO INVENTORY_TRANSACTION_ITEMS (INVENTORY_TRANSACTION_ITEM_ID, BEFORE_QUANTITY, AFTER_QUANTITY, INVENTORY_TRANSACTION_ID, STORE_INVENTORY_ID) VALUES (104, 32, 31, 31, 2);
INSERT INTO INVENTORY_TRANSACTION_ITEMS (INVENTORY_TRANSACTION_ITEM_ID, BEFORE_QUANTITY, AFTER_QUANTITY, INVENTORY_TRANSACTION_ID, STORE_INVENTORY_ID) VALUES (105, 18, 17, 31, 5);
INSERT INTO INVENTORY_TRANSACTION_ITEMS (INVENTORY_TRANSACTION_ITEM_ID, BEFORE_QUANTITY, AFTER_QUANTITY, INVENTORY_TRANSACTION_ID, STORE_INVENTORY_ID) VALUES (106, 10, 9, 31, 8);
INSERT INTO INVENTORY_TRANSACTION_ITEMS (INVENTORY_TRANSACTION_ITEM_ID, BEFORE_QUANTITY, AFTER_QUANTITY, INVENTORY_TRANSACTION_ID, STORE_INVENTORY_ID) VALUES (107, 31, 30, 32, 2);
INSERT INTO INVENTORY_TRANSACTION_ITEMS (INVENTORY_TRANSACTION_ITEM_ID, BEFORE_QUANTITY, AFTER_QUANTITY, INVENTORY_TRANSACTION_ID, STORE_INVENTORY_ID) VALUES (108, 17, 16, 32, 5);
INSERT INTO INVENTORY_TRANSACTION_ITEMS (INVENTORY_TRANSACTION_ITEM_ID, BEFORE_QUANTITY, AFTER_QUANTITY, INVENTORY_TRANSACTION_ID, STORE_INVENTORY_ID) VALUES (109, 9, 8, 32, 8);
INSERT INTO INVENTORY_TRANSACTION_ITEMS (INVENTORY_TRANSACTION_ITEM_ID, BEFORE_QUANTITY, AFTER_QUANTITY, INVENTORY_TRANSACTION_ID, STORE_INVENTORY_ID) VALUES (110, 40, 37, 33, 2);
INSERT INTO INVENTORY_TRANSACTION_ITEMS (INVENTORY_TRANSACTION_ITEM_ID, BEFORE_QUANTITY, AFTER_QUANTITY, INVENTORY_TRANSACTION_ID, STORE_INVENTORY_ID) VALUES (111, 19, 18, 33, 5);
INSERT INTO INVENTORY_TRANSACTION_ITEMS (INVENTORY_TRANSACTION_ITEM_ID, BEFORE_QUANTITY, AFTER_QUANTITY, INVENTORY_TRANSACTION_ID, STORE_INVENTORY_ID) VALUES (112, 10, 9, 33, 8);
INSERT INTO INVENTORY_TRANSACTION_ITEMS (INVENTORY_TRANSACTION_ITEM_ID, BEFORE_QUANTITY, AFTER_QUANTITY, INVENTORY_TRANSACTION_ID, STORE_INVENTORY_ID) VALUES (113, 37, 35, 34, 2);
INSERT INTO INVENTORY_TRANSACTION_ITEMS (INVENTORY_TRANSACTION_ITEM_ID, BEFORE_QUANTITY, AFTER_QUANTITY, INVENTORY_TRANSACTION_ID, STORE_INVENTORY_ID) VALUES (114, 18, 17, 34, 5);
INSERT INTO INVENTORY_TRANSACTION_ITEMS (INVENTORY_TRANSACTION_ITEM_ID, BEFORE_QUANTITY, AFTER_QUANTITY, INVENTORY_TRANSACTION_ID, STORE_INVENTORY_ID) VALUES (115, 9, 8, 34, 8);
INSERT INTO INVENTORY_TRANSACTION_ITEMS (INVENTORY_TRANSACTION_ITEM_ID, BEFORE_QUANTITY, AFTER_QUANTITY, INVENTORY_TRANSACTION_ID, STORE_INVENTORY_ID) VALUES (116, 35, 32, 35, 2);
INSERT INTO INVENTORY_TRANSACTION_ITEMS (INVENTORY_TRANSACTION_ITEM_ID, BEFORE_QUANTITY, AFTER_QUANTITY, INVENTORY_TRANSACTION_ID, STORE_INVENTORY_ID) VALUES (117, 17, 16, 35, 5);
INSERT INTO INVENTORY_TRANSACTION_ITEMS (INVENTORY_TRANSACTION_ITEM_ID, BEFORE_QUANTITY, AFTER_QUANTITY, INVENTORY_TRANSACTION_ID, STORE_INVENTORY_ID) VALUES (118, 8, 7, 35, 8);
INSERT INTO INVENTORY_TRANSACTION_ITEMS (INVENTORY_TRANSACTION_ITEM_ID, BEFORE_QUANTITY, AFTER_QUANTITY, INVENTORY_TRANSACTION_ID, STORE_INVENTORY_ID) VALUES (119, 33, 30, 36, 2);
INSERT INTO INVENTORY_TRANSACTION_ITEMS (INVENTORY_TRANSACTION_ITEM_ID, BEFORE_QUANTITY, AFTER_QUANTITY, INVENTORY_TRANSACTION_ID, STORE_INVENTORY_ID) VALUES (120, 16, 15, 36, 5);
INSERT INTO INVENTORY_TRANSACTION_ITEMS (INVENTORY_TRANSACTION_ITEM_ID, BEFORE_QUANTITY, AFTER_QUANTITY, INVENTORY_TRANSACTION_ID, STORE_INVENTORY_ID) VALUES (121, 7, 6, 36, 8);
INSERT INTO INVENTORY_TRANSACTION_ITEMS (INVENTORY_TRANSACTION_ITEM_ID, BEFORE_QUANTITY, AFTER_QUANTITY, INVENTORY_TRANSACTION_ID, STORE_INVENTORY_ID) VALUES (122, 30, 28, 37, 2);
INSERT INTO INVENTORY_TRANSACTION_ITEMS (INVENTORY_TRANSACTION_ITEM_ID, BEFORE_QUANTITY, AFTER_QUANTITY, INVENTORY_TRANSACTION_ID, STORE_INVENTORY_ID) VALUES (123, 15, 14, 37, 5);
INSERT INTO INVENTORY_TRANSACTION_ITEMS (INVENTORY_TRANSACTION_ITEM_ID, BEFORE_QUANTITY, AFTER_QUANTITY, INVENTORY_TRANSACTION_ID, STORE_INVENTORY_ID) VALUES (124, 6, 5, 37, 8);
INSERT INTO INVENTORY_TRANSACTION_ITEMS (INVENTORY_TRANSACTION_ITEM_ID, BEFORE_QUANTITY, AFTER_QUANTITY, INVENTORY_TRANSACTION_ID, STORE_INVENTORY_ID) VALUES (125, 28, 27, 38, 2);
INSERT INTO INVENTORY_TRANSACTION_ITEMS (INVENTORY_TRANSACTION_ITEM_ID, BEFORE_QUANTITY, AFTER_QUANTITY, INVENTORY_TRANSACTION_ID, STORE_INVENTORY_ID) VALUES (126, 14, 14, 38, 5);
INSERT INTO INVENTORY_TRANSACTION_ITEMS (INVENTORY_TRANSACTION_ITEM_ID, BEFORE_QUANTITY, AFTER_QUANTITY, INVENTORY_TRANSACTION_ID, STORE_INVENTORY_ID) VALUES (127, 5, 5, 38, 8);
INSERT INTO INVENTORY_TRANSACTION_ITEMS (INVENTORY_TRANSACTION_ITEM_ID, BEFORE_QUANTITY, AFTER_QUANTITY, INVENTORY_TRANSACTION_ID, STORE_INVENTORY_ID) VALUES (128, 27, 23, 39, 2);
INSERT INTO INVENTORY_TRANSACTION_ITEMS (INVENTORY_TRANSACTION_ITEM_ID, BEFORE_QUANTITY, AFTER_QUANTITY, INVENTORY_TRANSACTION_ID, STORE_INVENTORY_ID) VALUES (129, 14, 13, 39, 5);
INSERT INTO INVENTORY_TRANSACTION_ITEMS (INVENTORY_TRANSACTION_ITEM_ID, BEFORE_QUANTITY, AFTER_QUANTITY, INVENTORY_TRANSACTION_ID, STORE_INVENTORY_ID) VALUES (130, 5, 4, 39, 8);
INSERT INTO INVENTORY_TRANSACTION_ITEMS (INVENTORY_TRANSACTION_ITEM_ID, BEFORE_QUANTITY, AFTER_QUANTITY, INVENTORY_TRANSACTION_ID, STORE_INVENTORY_ID) VALUES (131, 29, 25, 40, 2);
INSERT INTO INVENTORY_TRANSACTION_ITEMS (INVENTORY_TRANSACTION_ITEM_ID, BEFORE_QUANTITY, AFTER_QUANTITY, INVENTORY_TRANSACTION_ID, STORE_INVENTORY_ID) VALUES (132, 16, 15, 40, 5);
INSERT INTO INVENTORY_TRANSACTION_ITEMS (INVENTORY_TRANSACTION_ITEM_ID, BEFORE_QUANTITY, AFTER_QUANTITY, INVENTORY_TRANSACTION_ID, STORE_INVENTORY_ID) VALUES (133, 6, 5, 40, 8);
INSERT INTO INVENTORY_TRANSACTION_ITEMS (INVENTORY_TRANSACTION_ITEM_ID, BEFORE_QUANTITY, AFTER_QUANTITY, INVENTORY_TRANSACTION_ID, STORE_INVENTORY_ID) VALUES (134, 25, 21, 41, 2);
INSERT INTO INVENTORY_TRANSACTION_ITEMS (INVENTORY_TRANSACTION_ITEM_ID, BEFORE_QUANTITY, AFTER_QUANTITY, INVENTORY_TRANSACTION_ID, STORE_INVENTORY_ID) VALUES (135, 15, 14, 41, 5);
INSERT INTO INVENTORY_TRANSACTION_ITEMS (INVENTORY_TRANSACTION_ITEM_ID, BEFORE_QUANTITY, AFTER_QUANTITY, INVENTORY_TRANSACTION_ID, STORE_INVENTORY_ID) VALUES (136, 5, 3, 41, 8);
INSERT INTO INVENTORY_TRANSACTION_ITEMS (INVENTORY_TRANSACTION_ITEM_ID, BEFORE_QUANTITY, AFTER_QUANTITY, INVENTORY_TRANSACTION_ID, STORE_INVENTORY_ID) VALUES (137, 21, 18, 42, 2);
INSERT INTO INVENTORY_TRANSACTION_ITEMS (INVENTORY_TRANSACTION_ITEM_ID, BEFORE_QUANTITY, AFTER_QUANTITY, INVENTORY_TRANSACTION_ID, STORE_INVENTORY_ID) VALUES (138, 14, 13, 42, 5);
INSERT INTO INVENTORY_TRANSACTION_ITEMS (INVENTORY_TRANSACTION_ITEM_ID, BEFORE_QUANTITY, AFTER_QUANTITY, INVENTORY_TRANSACTION_ID, STORE_INVENTORY_ID) VALUES (139, 3, 2, 42, 8);
INSERT INTO INVENTORY_TRANSACTION_ITEMS (INVENTORY_TRANSACTION_ITEM_ID, BEFORE_QUANTITY, AFTER_QUANTITY, INVENTORY_TRANSACTION_ID, STORE_INVENTORY_ID) VALUES (140, 18, 14, 43, 2);
INSERT INTO INVENTORY_TRANSACTION_ITEMS (INVENTORY_TRANSACTION_ITEM_ID, BEFORE_QUANTITY, AFTER_QUANTITY, INVENTORY_TRANSACTION_ID, STORE_INVENTORY_ID) VALUES (141, 13, 12, 43, 5);
INSERT INTO INVENTORY_TRANSACTION_ITEMS (INVENTORY_TRANSACTION_ITEM_ID, BEFORE_QUANTITY, AFTER_QUANTITY, INVENTORY_TRANSACTION_ID, STORE_INVENTORY_ID) VALUES (142, 2, 1, 43, 8);
INSERT INTO INVENTORY_TRANSACTION_ITEMS (INVENTORY_TRANSACTION_ITEM_ID, BEFORE_QUANTITY, AFTER_QUANTITY, INVENTORY_TRANSACTION_ID, STORE_INVENTORY_ID) VALUES (146, 9, 8, 45, 28);
INSERT INTO INVENTORY_TRANSACTION_ITEMS (INVENTORY_TRANSACTION_ITEM_ID, BEFORE_QUANTITY, AFTER_QUANTITY, INVENTORY_TRANSACTION_ID, STORE_INVENTORY_ID) VALUES (147, 82, 80, 45, 34);
INSERT INTO INVENTORY_TRANSACTION_ITEMS (INVENTORY_TRANSACTION_ITEM_ID, BEFORE_QUANTITY, AFTER_QUANTITY, INVENTORY_TRANSACTION_ID, STORE_INVENTORY_ID) VALUES (148, 12, 11, 45, 37);
INSERT INTO INVENTORY_TRANSACTION_ITEMS (INVENTORY_TRANSACTION_ITEM_ID, BEFORE_QUANTITY, AFTER_QUANTITY, INVENTORY_TRANSACTION_ID, STORE_INVENTORY_ID) VALUES (149, 8, 7, 46, 28);
INSERT INTO INVENTORY_TRANSACTION_ITEMS (INVENTORY_TRANSACTION_ITEM_ID, BEFORE_QUANTITY, AFTER_QUANTITY, INVENTORY_TRANSACTION_ID, STORE_INVENTORY_ID) VALUES (150, 80, 78, 46, 34);
INSERT INTO INVENTORY_TRANSACTION_ITEMS (INVENTORY_TRANSACTION_ITEM_ID, BEFORE_QUANTITY, AFTER_QUANTITY, INVENTORY_TRANSACTION_ID, STORE_INVENTORY_ID) VALUES (151, 11, 10, 46, 37);
INSERT INTO INVENTORY_TRANSACTION_ITEMS (INVENTORY_TRANSACTION_ITEM_ID, BEFORE_QUANTITY, AFTER_QUANTITY, INVENTORY_TRANSACTION_ID, STORE_INVENTORY_ID) VALUES (152, 7, 6, 47, 28);
INSERT INTO INVENTORY_TRANSACTION_ITEMS (INVENTORY_TRANSACTION_ITEM_ID, BEFORE_QUANTITY, AFTER_QUANTITY, INVENTORY_TRANSACTION_ID, STORE_INVENTORY_ID) VALUES (153, 78, 77, 47, 34);
INSERT INTO INVENTORY_TRANSACTION_ITEMS (INVENTORY_TRANSACTION_ITEM_ID, BEFORE_QUANTITY, AFTER_QUANTITY, INVENTORY_TRANSACTION_ID, STORE_INVENTORY_ID) VALUES (154, 10, 10, 47, 37);
INSERT INTO INVENTORY_TRANSACTION_ITEMS (INVENTORY_TRANSACTION_ITEM_ID, BEFORE_QUANTITY, AFTER_QUANTITY, INVENTORY_TRANSACTION_ID, STORE_INVENTORY_ID) VALUES (155, 6, 5, 48, 28);
INSERT INTO INVENTORY_TRANSACTION_ITEMS (INVENTORY_TRANSACTION_ITEM_ID, BEFORE_QUANTITY, AFTER_QUANTITY, INVENTORY_TRANSACTION_ID, STORE_INVENTORY_ID) VALUES (156, 77, 75, 48, 34);
INSERT INTO INVENTORY_TRANSACTION_ITEMS (INVENTORY_TRANSACTION_ITEM_ID, BEFORE_QUANTITY, AFTER_QUANTITY, INVENTORY_TRANSACTION_ID, STORE_INVENTORY_ID) VALUES (157, 10, 9, 48, 37);
INSERT INTO INVENTORY_TRANSACTION_ITEMS (INVENTORY_TRANSACTION_ITEM_ID, BEFORE_QUANTITY, AFTER_QUANTITY, INVENTORY_TRANSACTION_ID, STORE_INVENTORY_ID) VALUES (158, 118, 115, 49, 50);
INSERT INTO INVENTORY_TRANSACTION_ITEMS (INVENTORY_TRANSACTION_ITEM_ID, BEFORE_QUANTITY, AFTER_QUANTITY, INVENTORY_TRANSACTION_ID, STORE_INVENTORY_ID) VALUES (159, 74, 72, 49, 56);
INSERT INTO INVENTORY_TRANSACTION_ITEMS (INVENTORY_TRANSACTION_ITEM_ID, BEFORE_QUANTITY, AFTER_QUANTITY, INVENTORY_TRANSACTION_ID, STORE_INVENTORY_ID) VALUES (160, 52, 50, 49, 59);
INSERT INTO INVENTORY_TRANSACTION_ITEMS (INVENTORY_TRANSACTION_ITEM_ID, BEFORE_QUANTITY, AFTER_QUANTITY, INVENTORY_TRANSACTION_ID, STORE_INVENTORY_ID) VALUES (161, 115, 111, 50, 50);
INSERT INTO INVENTORY_TRANSACTION_ITEMS (INVENTORY_TRANSACTION_ITEM_ID, BEFORE_QUANTITY, AFTER_QUANTITY, INVENTORY_TRANSACTION_ID, STORE_INVENTORY_ID) VALUES (162, 72, 71, 50, 56);
INSERT INTO INVENTORY_TRANSACTION_ITEMS (INVENTORY_TRANSACTION_ITEM_ID, BEFORE_QUANTITY, AFTER_QUANTITY, INVENTORY_TRANSACTION_ID, STORE_INVENTORY_ID) VALUES (163, 50, 49, 50, 59);
INSERT INTO INVENTORY_TRANSACTION_ITEMS (INVENTORY_TRANSACTION_ITEM_ID, BEFORE_QUANTITY, AFTER_QUANTITY, INVENTORY_TRANSACTION_ID, STORE_INVENTORY_ID) VALUES (164, 111, 110, 51, 50);
INSERT INTO INVENTORY_TRANSACTION_ITEMS (INVENTORY_TRANSACTION_ITEM_ID, BEFORE_QUANTITY, AFTER_QUANTITY, INVENTORY_TRANSACTION_ID, STORE_INVENTORY_ID) VALUES (165, 71, 70, 51, 56);
INSERT INTO INVENTORY_TRANSACTION_ITEMS (INVENTORY_TRANSACTION_ITEM_ID, BEFORE_QUANTITY, AFTER_QUANTITY, INVENTORY_TRANSACTION_ID, STORE_INVENTORY_ID) VALUES (166, 49, 48, 51, 59);
